{
	"spellFluff": [
		{
			"name": "Alustriel's Mooncloak",
			"source": "FRHoF",
			"images": [
				{
					"type": "image",
					"href": {
						"type": "internal",
						"path": "spells/FRHoF/Alustriel's Mooncloak.webp"
					},
					"credit": "Irina Nordsol",
					"title": "Alustriel Silverhand uses her mooncloak to protect her allies."
				}
			]
		},
		{
			"name": "Blade of Disaster",
			"source": "FRHoF",
			"images": [
				{
					"type": "image",
					"href": {
						"type": "internal",
						"path": "spells/FRHoF/Blade of Disaster.webp"
					},
					"credit": "Swatches Studio",
					"title": "Presto casts the Blade of Disaster spell to fight off Venger."
				}
			]
		},
		{
			"name": "Elminster's Effulgent Spheres",
			"source": "FRHoF",
			"images": [
				{
					"type": "image",
					"href": {
						"type": "internal",
						"path": "spells/FRHoF/Elminster's Effulgent Spheres.webp"
					},
					"credit": "Borja Pindado",
					"title": "Elminster's Effulgent Spheres can be used to both attack and defend."
				}
			]
		},
		{
			"name": "Songal's Elemental Suffusion",
			"source": "FRHoF",
			"images": [
				{
					"type": "image",
					"href": {
						"type": "internal",
						"path": "spells/FRHoF/Songal's Elemental Suffusion.webp"
					},
					"credit": "Tneh Keong",
					"title": "Sultana Songal has suffused herself with the elemental power of genies."
				}
			]
		}
	]
}
