{
	"charoptionFluff": [
		{
			"name": "Heroic Destiny",
			"source": "MOT",
			"images": [
				{
					"type": "image",
					"href": {
						"type": "internal",
						"path": "charcreationoptions/MOT/Heroic Destiny.webp"
					},
					"title": "For champions like the Setessan leader Anthousa, heroism and destiny are inescapable forces",
					"width": 1500,
					"height": 1097,
					"credit": "Howard Lyon"
				}
			]
		},
		{
			"name": "Hollow One",
			"source": "EGW",
			"images": [
				{
					"type": "image",
					"href": {
						"type": "internal",
						"path": "charcreationoptions/EGW/Hollow One.webp"
					},
					"title": "Hollow One",
					"width": 653,
					"height": 1000,
					"credit": "CoupleOfKooks"
				}
			]
		},
		{
			"name": "Lifelong Companion",
			"source": "MOT",
			"images": [
				{
					"type": "image",
					"href": {
						"type": "internal",
						"path": "charcreationoptions/MOT/Lifelong Companion.webp"
					},
					"title": "Heroes and lifelong companions, Kynaios and Tiro founded Meletis and ruled as its first kings",
					"width": 1500,
					"height": 1002,
					"credit": "Willian Murai"
				}
			]
		},
		{
			"name": "Oracle",
			"source": "MOT",
			"images": [
				{
					"type": "image",
					"href": {
						"type": "internal",
						"path": "charcreationoptions/MOT/Oracle.webp"
					},
					"title": "Oracles hear the voices of the gods, a rare gift and sometimes a curse",
					"width": 1500,
					"height": 1002,
					"credit": "Eric Deschamps"
				}
			]
		},
		{
			"name": "Watchers",
			"source": "VRGR",
			"images": [
				{
					"type": "image",
					"href": {
						"type": "internal",
						"path": "charcreationoptions/VRGR/Watchers.webp"
					},
					"title": "A dwarf occultist finds herself watched by the Staring Cats of Uldun-dar",
					"width": 850,
					"height": 1001,
					"credit": "April Prime"
				}
			]
		}
	]
}
