{
	"_meta": {
		"internalCopies": [
			"featFluff"
		]
	},
	"featFluff": [
		{
			"name": "Adept of the Black Robes",
			"source": "DSotDQ",
			"_copy": {
				"name": "Initiate of High Sorcery",
				"source": "DSotDQ"
			}
		},
		{
			"name": "Adept of the Red Robes",
			"source": "DSotDQ",
			"_copy": {
				"name": "Initiate of High Sorcery",
				"source": "DSotDQ"
			}
		},
		{
			"name": "Adept of the White Robes",
			"source": "DSotDQ",
			"_copy": {
				"name": "Initiate of High Sorcery",
				"source": "DSotDQ"
			}
		},
		{
			"name": "Boon of Fate",
			"source": "XPHB",
			"images": [
				{
					"type": "image",
					"href": {
						"type": "internal",
						"path": "feats/XPHB/Boon of Fate.webp"
					},
					"credit": "Wayne England"
				}
			]
		},
		{
			"name": "Boon of Siberys",
			"source": "EFA",
			"images": [
				{
					"type": "image",
					"href": {
						"type": "internal",
						"path": "feats/EFA/Siberys Mark of Detection.webp"
					},
					"credit": "Lee Moyer"
				},
				{
					"type": "image",
					"href": {
						"type": "internal",
						"path": "feats/EFA/Siberys Mark of Making.webp"
					},
					"credit": "Lee Moyer"
				},
				{
					"type": "image",
					"href": {
						"type": "internal",
						"path": "feats/EFA/Siberys Mark of Shadow.webp"
					},
					"credit": "Lee Moyer"
				}
			]
		},
		{
			"name": "Boon of Skill",
			"source": "XPHB",
			"images": [
				{
					"type": "image",
					"href": {
						"type": "internal",
						"path": "feats/XPHB/Boon of Skill.webp"
					},
					"credit": "Wayne England"
				}
			]
		},
		{
			"name": "Eldritch Adept",
			"source": "TCE",
			"images": [
				{
					"type": "image",
					"href": {
						"type": "internal",
						"path": "feats/TCE/Eldritch Adept.webp"
					},
					"credit": "Brian Valeza"
				}
			]
		},
		{
			"name": "Fey-Touched",
			"source": "XPHB",
			"images": [
				{
					"type": "image",
					"href": {
						"type": "internal",
						"path": "feats/XPHB/Fey-Touched.webp"
					},
					"credit": "Wayne England"
				}
			]
		},
		{
			"name": "Fury of the Frost Giant",
			"source": "BGG",
			"images": [
				{
					"type": "image",
					"href": {
						"type": "internal",
						"path": "feats/BGG/Fury of the Frost Giant.webp"
					}
				}
			]
		},
		{
			"name": "Greater Mark of Detection",
			"source": "EFA",
			"images": [
				{
					"type": "image",
					"href": {
						"type": "internal",
						"path": "feats/EFA/Greater Mark of Detection.webp"
					},
					"credit": "Lee Moyer"
				}
			]
		},
		{
			"name": "Greater Mark of Finding",
			"source": "EFA",
			"images": [
				{
					"type": "image",
					"href": {
						"type": "internal",
						"path": "feats/EFA/Greater Mark of Finding.webp"
					},
					"credit": "Lee Moyer"
				}
			]
		},
		{
			"name": "Greater Mark of Making",
			"source": "EFA",
			"images": [
				{
					"type": "image",
					"href": {
						"type": "internal",
						"path": "feats/EFA/Greater Mark of Making.webp"
					},
					"credit": "Lee Moyer"
				}
			]
		},
		{
			"name": "Greater Mark of Passage",
			"source": "EFA",
			"images": [
				{
					"type": "image",
					"href": {
						"type": "internal",
						"path": "feats/EFA/Greater Mark of Passage.webp"
					},
					"credit": "Lee Moyer"
				}
			]
		},
		{
			"name": "Greater Mark of Shadow",
			"source": "EFA",
			"images": [
				{
					"type": "image",
					"href": {
						"type": "internal",
						"path": "feats/EFA/Greater Mark of Shadow.webp"
					},
					"credit": "Lee Moyer"
				}
			]
		},
		{
			"name": "Greater Mark of Storm",
			"source": "EFA",
			"images": [
				{
					"type": "image",
					"href": {
						"type": "internal",
						"path": "feats/EFA/Greater Mark of Storm.webp"
					},
					"credit": "Lee Moyer"
				}
			]
		},
		{
			"name": "Healer",
			"source": "XPHB",
			"images": [
				{
					"type": "image",
					"href": {
						"type": "internal",
						"path": "feats/XPHB/Healer.webp"
					},
					"credit": "Wayne England"
				}
			]
		},
		{
			"name": "Initiate of High Sorcery",
			"source": "DSotDQ",
			"images": [
				{
					"type": "image",
					"href": {
						"type": "internal",
						"path": "feats/DSotDQ/Mage of High Sorcery.webp"
					},
					"title": "Mages of High Sorcery of the Orders of the Black, Red, and White Robes",
					"credit": "Linda Lithén"
				}
			]
		},
		{
			"name": "Inspiring Leader",
			"source": "PHB",
			"images": [
				{
					"type": "image",
					"href": {
						"type": "internal",
						"path": "feats/PHB/Inspiring Leader.webp"
					}
				}
			]
		},
		{
			"name": "Mark of Detection",
			"source": "EFA",
			"images": [
				{
					"type": "image",
					"href": {
						"type": "internal",
						"path": "feats/EFA/Mark of Detection.webp"
					},
					"credit": "Lee Moyer"
				}
			]
		},
		{
			"name": "Mark of Making",
			"source": "EFA",
			"images": [
				{
					"type": "image",
					"href": {
						"type": "internal",
						"path": "feats/EFA/Mark of Making.webp"
					},
					"credit": "Lee Moyer"
				}
			]
		},
		{
			"name": "Mark of Shadow",
			"source": "EFA",
			"images": [
				{
					"type": "image",
					"href": {
						"type": "internal",
						"path": "feats/EFA/Mark of Shadow.webp"
					},
					"credit": "Lee Moyer"
				}
			]
		},
		{
			"name": "Planar Wanderer",
			"source": "SatO",
			"images": [
				{
					"type": "image",
					"href": {
						"type": "internal",
						"path": "feats/SatO/Planar Wanderer.webp"
					},
					"title": "A planar cartographer on a Lower Plane asks a pit fiend for directions",
					"credit": "Michele Giorgi"
				}
			]
		},
		{
			"name": "Poisoner",
			"source": "XPHB",
			"images": [
				{
					"type": "image",
					"href": {
						"type": "internal",
						"path": "feats/XPHB/Poisoner.webp"
					},
					"credit": "Wayne England"
				}
			]
		},
		{
			"name": "Ritual Caster",
			"source": "PHB",
			"images": [
				{
					"type": "image",
					"href": {
						"type": "internal",
						"path": "feats/PHB/Ritual Caster.webp"
					}
				}
			]
		},
		{
			"name": "Ritual Caster",
			"source": "XPHB",
			"images": [
				{
					"type": "image",
					"href": {
						"type": "internal",
						"path": "feats/XPHB/Ritual Caster.webp"
					},
					"credit": "Wayne England"
				}
			]
		},
		{
			"name": "Servo Crafting",
			"source": "PSK",
			"images": [
				{
					"type": "image",
					"href": {
						"type": "internal",
						"path": "feats/PSK/Servo Crafting.webp"
					},
					"title": "Servo",
					"credit": "Igor Kieryluk"
				}
			]
		},
		{
			"name": "Telepathic",
			"source": "TCE",
			"images": [
				{
					"type": "image",
					"href": {
						"type": "internal",
						"path": "feats/TCE/Telepathic.webp"
					},
					"title": "Astride a unicorn, a telepathic bard inspires her wizard companion.",
					"credit": "Zoltan Boros"
				}
			]
		},
		{
			"name": "Two-Weapon Fighting",
			"source": "XPHB",
			"images": [
				{
					"type": "image",
					"href": {
						"type": "internal",
						"path": "feats/XPHB/Two-Weapon Fighting.webp"
					},
					"credit": "Wayne England"
				}
			]
		},
		{
			"name": "Weapon Master",
			"source": "XPHB",
			"images": [
				{
					"type": "image",
					"href": {
						"type": "internal",
						"path": "feats/XPHB/Weapon Master.webp"
					},
					"credit": "Wayne England"
				}
			]
		}
	]
}
