{
	"facilityFluff": [
		{
			"name": "Amethyst Dragon Den",
			"source": "FRHoF",
			"images": [
				{
					"type": "image",
					"href": {
						"type": "internal",
						"path": "bastions/FRHoF/Amethyst Dragon Den.webp"
					},
					"title": "An Amethyst Dragon Den is a peaceful training ground for dragon and knight alike.",
					"credit": "Sam Keiser"
				}
			]
		},
		{
			"name": "Cult of the Dragon Archive",
			"source": "FRHoF",
			"images": [
				{
					"type": "image",
					"href": {
						"type": "internal",
						"path": "bastions/FRHoF/Cult of the Dragon Archive.webp"
					},
					"title": "A gold dragon's skeleton hangs at the center of a Cult of the Dragon Archive.",
					"credit": "Domenico Cava"
				}
			]
		},
		{
			"name": "Emerald Enclave Grove",
			"source": "FRHoF",
			"images": [
				{
					"type": "image",
					"href": {
						"type": "internal",
						"path": "bastions/FRHoF/Emerald Enclave Grove.webp"
					},
					"title": "A centaur Caretaker enjoys an idyllic day with blink dogs and a pixie in an Emerald Enclave Grove.",
					"credit": "Swatches Studio"
				}
			]
		},
		{
			"name": "Harper Hideout",
			"source": "FRHoF",
			"images": [
				{
					"type": "image",
					"href": {
						"type": "internal",
						"path": "bastions/FRHoF/Harper Hideout.webp"
					},
					"title": "Harper hideouts provide refuge for Harpers from across Faerûn.",
					"credit": "Erel Maatita"
				}
			]
		},
		{
			"name": "Laboratory",
			"source": "XDMG",
			"images": [
				{
					"type": "image",
					"href": {
						"type": "internal",
						"path": "bastions/XDMG/Laboratory.webp"
					},
					"title": "A cauldron is standard equipment in a potion brewer's Laboratory",
					"credit": "Mark Behm",
					"width": 850,
					"height": 989
				}
			]
		},
		{
			"name": "Library",
			"source": "XDMG",
			"images": [
				{
					"type": "image",
					"href": {
						"type": "internal",
						"path": "bastions/XDMG/Library.webp"
					},
					"title": "The books in your Library hold a wealth of lore that you or a hireling can research",
					"credit": "Olga Drebas",
					"width": 850,
					"height": 1108
				}
			]
		},
		{
			"name": "Lords' Alliance Noble Residence",
			"source": "FRHoF",
			"images": [
				{
					"type": "image",
					"href": {
						"type": "internal",
						"path": "bastions/FRHoF/Lords' Alliance Noble Residence.webp"
					},
					"title": "Working for the Lords' Alliance has its perks, including a handsomely furnished noble residence.",
					"credit": "Sam Keiser"
				}
			]
		},
		{
			"name": "Museum",
			"source": "EFA",
			"images": [
				{
					"type": "image",
					"href": {
						"type": "internal",
						"path": "bastions/EFA/Museum.webp"
					},
					"credit": "Cullen Cole"
				}
			]
		},
		{
			"name": "Observatory",
			"source": "XDMG",
			"images": [
				{
					"type": "image",
					"href": {
						"type": "internal",
						"path": "bastions/XDMG/Observatory.webp"
					},
					"title": "The addition of an Observatory can lead to the discovery of eldritch secrets lost among the stars",
					"credit": "Noor Rahman",
					"width": 1700,
					"height": 1112
				}
			]
		},
		{
			"name": "Order of the Gauntlet Tournament Field",
			"source": "FRHoF",
			"images": [
				{
					"type": "image",
					"href": {
						"type": "internal",
						"path": "bastions/FRHoF/Order of the Gauntlet Tournament Field.webp"
					},
					"title": "Jousters entertain a raucous crowd in a Order of the Gauntlet Tournament Field.",
					"credit": "Caio E Santos"
				}
			]
		},
		{
			"name": "Red Wizard Necropolis",
			"source": "FRHoF",
			"images": [
				{
					"type": "image",
					"href": {
						"type": "internal",
						"path": "bastions/FRHoF/Red Wizard Necropolis.webp"
					},
					"title": "A skeletal Bastion Defender arises from its coffin in a Red Wizard Necropolis.",
					"credit": "Caio E Santos"
				}
			]
		},
		{
			"name": "Scriptorium",
			"source": "XDMG",
			"images": [
				{
					"type": "image",
					"href": {
						"type": "internal",
						"path": "bastions/XDMG/Scriptorium.webp"
					},
					"title": "A Scriptorium has desks and supplies for crafting books, scrolls, and other paperwork",
					"credit": "Nikki Dawes",
					"width": 850,
					"height": 674
				}
			]
		},
		{
			"name": "Zhentarim Travel Station",
			"source": "FRHoF",
			"images": [
				{
					"type": "image",
					"href": {
						"type": "internal",
						"path": "bastions/FRHoF/Zhentarim Travel Station.webp"
					},
					"title": "Zhents use Zhentarim Travel Stations to prepare themselves for long-distance mercantile journeys.",
					"credit": "Erel Maatita"
				}
			]
		}
	]
}
