{
	"skill": [
		{
			"name": "Acrobatics",
			"source": "PHB",
			"page": 176,
			"srd": true,
			"basicRules": true,
			"reprintedAs": [
				"Acrobatics|XPHB"
			],
			"ability": "dex",
			"entries": [
				"Your Dexterity (Acrobatics) check covers your attempt to stay on your feet in a tricky situation, such as when you're trying to run across a sheet of ice, balance on a tightrope, or stay upright on a rocking ship's deck. The DM might also call for a Dexterity (Acrobatics) check to see if you can perform acrobatic stunts, including dives, rolls, somersaults, and flips."
			]
		},
		{
			"name": "Acrobatics",
			"source": "XPHB",
			"page": 14,
			"srd52": true,
			"ability": "dex",
			"entries": [
				"Stay on your feet in a tricky situation, or perform an acrobatic stunt."
			]
		},
		{
			"name": "Animal Handling",
			"source": "PHB",
			"page": 178,
			"srd": true,
			"basicRules": true,
			"reprintedAs": [
				"Animal Handling|XPHB"
			],
			"ability": "wis",
			"entries": [
				"When there is any question whether you can calm down a domesticated animal, keep a mount from getting spooked, or intuit an animal's intentions, the DM might call for a Wisdom (Animal Handling) check. You also make a Wisdom (Animal Handling) check to control your mount when you attempt a risky maneuver."
			]
		},
		{
			"name": "Animal Handling",
			"source": "XPHB",
			"page": 14,
			"srd52": true,
			"ability": "wis",
			"entries": [
				"Calm or train an animal, or get an animal to behave in a certain way."
			]
		},
		{
			"name": "Arcana",
			"source": "PHB",
			"page": 177,
			"srd": true,
			"basicRules": true,
			"reprintedAs": [
				"Arcana|XPHB"
			],
			"ability": "int",
			"entries": [
				"Your Intelligence (Arcana) check measures your ability to recall lore about spells, magic items, eldritch symbols, magical traditions, the planes of existence, and the inhabitants of those planes."
			]
		},
		{
			"name": "Arcana",
			"source": "XPHB",
			"page": 14,
			"srd52": true,
			"ability": "int",
			"entries": [
				"Recall lore about spells, magic items, and the planes of existence."
			]
		},
		{
			"name": "Athletics",
			"source": "PHB",
			"page": 175,
			"srd": true,
			"basicRules": true,
			"reprintedAs": [
				"Athletics|XPHB"
			],
			"ability": "str",
			"entries": [
				"Your Strength (Athletics) check covers difficult situations you encounter while climbing, jumping, or swimming. Examples include the following activities:",
				{
					"type": "list",
					"items": [
						"You attempt to climb a sheer or slippery cliff, avoid hazards while scaling a wall, or cling to a surface while something is trying to knock you off.",
						"You try to jump an unusually long distance or pull off a stunt mid jump.",
						"You struggle to swim or stay afloat in treacherous currents, storm-tossed waves, or areas of thick seaweed. Or another creature tries to push or pull you underwater or otherwise interfere with your swimming."
					]
				}
			]
		},
		{
			"name": "Athletics",
			"source": "XPHB",
			"page": 14,
			"srd52": true,
			"ability": "str",
			"entries": [
				"Jump farther than normal, stay afloat in rough water, or break something."
			]
		},
		{
			"name": "Deception",
			"source": "PHB",
			"page": 178,
			"srd": true,
			"basicRules": true,
			"reprintedAs": [
				"Deception|XPHB"
			],
			"ability": "cha",
			"entries": [
				"Your Charisma (Deception) check determines whether you can convincingly hide the truth, either verbally or through your actions. This deception can encompass everything from misleading others through ambiguity to telling outright lies. Typical situations include trying to fast-talk a guard, con a merchant, earn money through gambling, pass yourself off in a disguise, dull someone's suspicions with false assurances, or maintain a straight face while telling a blatant lie."
			]
		},
		{
			"name": "Deception",
			"source": "XPHB",
			"page": 14,
			"srd52": true,
			"ability": "cha",
			"entries": [
				"Tell a convincing lie, or wear a disguise convincingly."
			]
		},
		{
			"name": "History",
			"source": "PHB",
			"page": 177,
			"srd": true,
			"basicRules": true,
			"reprintedAs": [
				"History|XPHB"
			],
			"ability": "int",
			"entries": [
				"Your Intelligence (History) check measures your ability to recall lore about historical events, legendary people, ancient kingdoms, past disputes, recent wars, and lost civilizations."
			]
		},
		{
			"name": "History",
			"source": "XPHB",
			"page": 14,
			"srd52": true,
			"ability": "int",
			"entries": [
				"Recall lore about historical events, people, nations, and cultures."
			]
		},
		{
			"name": "Insight",
			"source": "PHB",
			"page": 178,
			"srd": true,
			"basicRules": true,
			"reprintedAs": [
				"Insight|XPHB"
			],
			"ability": "wis",
			"entries": [
				"Your Wisdom (Insight) check decides whether you can determine the true intentions of a creature, such as when searching out a lie or predicting someone's next move. Doing so involves gleaning clues from body language, speech habits, and changes in mannerisms."
			]
		},
		{
			"name": "Insight",
			"source": "XPHB",
			"page": 14,
			"srd52": true,
			"ability": "wis",
			"entries": [
				"Discern a person's mood and intentions."
			]
		},
		{
			"name": "Intimidation",
			"source": "PHB",
			"page": 179,
			"srd": true,
			"basicRules": true,
			"reprintedAs": [
				"Intimidation|XPHB"
			],
			"ability": "cha",
			"entries": [
				"When you attempt to influence someone through overt threats, hostile actions, and physical violence, the DM might ask you to make a Charisma (Intimidation) check. Examples include trying to pry information out of a prisoner, convincing street thugs to back down from a confrontation, or using the edge of a broken bottle to convince a sneering vizier to reconsider a decision."
			]
		},
		{
			"name": "Intimidation",
			"source": "XPHB",
			"page": 14,
			"srd52": true,
			"ability": "cha",
			"entries": [
				"Awe or threaten someone into doing what you want."
			]
		},
		{
			"name": "Investigation",
			"source": "PHB",
			"page": 178,
			"srd": true,
			"basicRules": true,
			"reprintedAs": [
				"Investigation|XPHB"
			],
			"ability": "int",
			"entries": [
				"When you look around for clues and make deductions based on those clues, you make an Intelligence (Investigation) check. You might deduce the location of a hidden object, discern from the appearance of a wound what kind of weapon dealt it, or determine the weakest point in a tunnel that could cause it to collapse. Poring through ancient scrolls in search of a hidden fragment of knowledge might also call for an Intelligence (Investigation) check."
			]
		},
		{
			"name": "Investigation",
			"source": "XPHB",
			"page": 14,
			"srd52": true,
			"ability": "int",
			"entries": [
				"Find obscure information in books, or deduce how something works."
			]
		},
		{
			"name": "Medicine",
			"source": "PHB",
			"page": 178,
			"srd": true,
			"basicRules": true,
			"reprintedAs": [
				"Medicine|XPHB"
			],
			"ability": "wis",
			"entries": [
				"A Wisdom (Medicine) check lets you try to stabilize a dying companion or diagnose an illness."
			]
		},
		{
			"name": "Medicine",
			"source": "XPHB",
			"page": 14,
			"srd52": true,
			"ability": "wis",
			"entries": [
				"Diagnose an illness, or determine what killed the recently slain."
			]
		},
		{
			"name": "Nature",
			"source": "PHB",
			"page": 178,
			"srd": true,
			"basicRules": true,
			"reprintedAs": [
				"Nature|XPHB"
			],
			"ability": "int",
			"entries": [
				"Your Intelligence (Nature) check measures your ability to recall lore about terrain, plants and animals, the weather, and natural cycles."
			]
		},
		{
			"name": "Nature",
			"source": "XPHB",
			"page": 14,
			"srd52": true,
			"ability": "int",
			"entries": [
				"Recall lore about terrain, plants, animals, and weather."
			]
		},
		{
			"name": "Perception",
			"source": "PHB",
			"page": 178,
			"srd": true,
			"basicRules": true,
			"reprintedAs": [
				"Perception|XPHB"
			],
			"ability": "wis",
			"entries": [
				"Your Wisdom (Perception) check lets you spot, hear, or otherwise detect the presence of something. It measures your general awareness of your surroundings and the keenness of your senses.",
				"For example, you might try to hear a conversation through a closed door, eavesdrop under an open window, or hear monsters moving stealthily in the forest. Or you might try to spot things that are obscured or easy to miss, whether they are orcs lying in ambush on a road, thugs hiding in the shadows of an alley, or candlelight under a closed secret door."
			]
		},
		{
			"name": "Perception",
			"source": "XPHB",
			"page": 14,
			"srd52": true,
			"ability": "wis",
			"entries": [
				"Using a combination of senses, notice something that's easy to miss."
			]
		},
		{
			"name": "Performance",
			"source": "PHB",
			"page": 179,
			"srd": true,
			"basicRules": true,
			"reprintedAs": [
				"Performance|XPHB"
			],
			"ability": "cha",
			"entries": [
				"Your Charisma (Performance) check determines how well you can delight an audience with music, dance, acting, storytelling, or some other form of entertainment."
			]
		},
		{
			"name": "Performance",
			"source": "XPHB",
			"page": 14,
			"srd52": true,
			"ability": "cha",
			"entries": [
				"Act, tell a story, perform music, or dance."
			]
		},
		{
			"name": "Persuasion",
			"source": "PHB",
			"page": 179,
			"srd": true,
			"basicRules": true,
			"reprintedAs": [
				"Persuasion|XPHB"
			],
			"ability": "cha",
			"entries": [
				"When you attempt to influence someone or a group of people with tact, social graces, or good nature, the DM might ask you to make a Charisma (Persuasion) check. Typically, you use persuasion when acting in good faith, to foster friendships, make cordial requests, or exhibit proper etiquette. Examples of persuading others include convincing a chamberlain to let your party see the king, negotiating peace between warring tribes, or inspiring a crowd of townsfolk."
			]
		},
		{
			"name": "Persuasion",
			"source": "XPHB",
			"page": 14,
			"srd52": true,
			"ability": "cha",
			"entries": [
				"Honestly and graciously convince someone of something."
			]
		},
		{
			"name": "Religion",
			"source": "PHB",
			"page": 178,
			"srd": true,
			"basicRules": true,
			"reprintedAs": [
				"Religion|XPHB"
			],
			"ability": "int",
			"entries": [
				"Your Intelligence (Religion) check measures your ability to recall lore about deities, rites and prayers, religious hierarchies, holy symbols, and the practices of secret cults."
			]
		},
		{
			"name": "Religion",
			"source": "XPHB",
			"page": 14,
			"srd52": true,
			"ability": "int",
			"entries": [
				"Recall lore about gods, religious rituals, and holy symbols."
			]
		},
		{
			"name": "Sleight of Hand",
			"source": "PHB",
			"page": 177,
			"srd": true,
			"basicRules": true,
			"reprintedAs": [
				"Sleight of Hand|XPHB"
			],
			"ability": "dex",
			"entries": [
				"Whenever you attempt an act of legerdemain or manual trickery, such as planting something on someone else or concealing an object on your person, make a Dexterity (Sleight of Hand) check. The DM might also call for a Dexterity (Sleight of Hand) check to determine whether you can lift a coin purse off another person or slip something out of another person's pocket."
			]
		},
		{
			"name": "Sleight of Hand",
			"source": "XPHB",
			"page": 14,
			"srd52": true,
			"ability": "dex",
			"entries": [
				"Pick a pocket, conceal a handheld object, or perform legerdemain."
			]
		},
		{
			"name": "Stealth",
			"source": "PHB",
			"page": 177,
			"srd": true,
			"basicRules": true,
			"reprintedAs": [
				"Stealth|XPHB"
			],
			"ability": "dex",
			"entries": [
				"Make a Dexterity (Stealth) check when you attempt to conceal yourself from enemies, slink past guards, slip away without being noticed, or sneak up on someone without being seen or heard."
			]
		},
		{
			"name": "Stealth",
			"source": "XPHB",
			"page": 14,
			"srd52": true,
			"ability": "dex",
			"entries": [
				"Escape notice by moving quietly and hiding behind things."
			]
		},
		{
			"name": "Survival",
			"source": "PHB",
			"page": 178,
			"srd": true,
			"basicRules": true,
			"reprintedAs": [
				"Survival|XPHB"
			],
			"ability": "wis",
			"entries": [
				"The DM might ask you to make a Wisdom (Survival) check to follow tracks, hunt wild game, guide your group through frozen wastelands, identify signs that owlbears live nearby, predict the weather, or avoid quicksand and other natural hazards."
			]
		},
		{
			"name": "Survival",
			"source": "XPHB",
			"page": 14,
			"srd52": true,
			"ability": "wis",
			"entries": [
				"Follow tracks, forage, find a trail, or avoid natural hazards."
			]
		}
	]
}
