CR,Monsters
1/8, Giant Rat, Kobold Warrior, Goblin Minion 
1/4, Skeleton, Zombie, Violet Fungus, Giant Centipede, Grimlock,Troglodyte 
1/2, Gray Ooze, Rust Monster, Piercer, Darkmantle, Shadow,  
1, Ghoul, Giant Spider, Death Dog, Animated Armor, Specter, Harpy 
2, Gelatinous Cube, Carrion Crawler, Mimic, Grick, Ochre Jelly, Ogre, Nothic 
3, Wight, Spectator, Hook Horror, Phase Spider, Basilisk 
4, Flameskull, Black Pudding, Helmed Horror, Ghost, Bone Naga, Chuul 
5, Otyugh, Roper, Umber Hulk, Flesh Golem, Wraith 
6, Drider, Cloaker, Medusa, Ghast Gravecaller 
7, Grick Ancient, Mind Flayer, Violet Fungus Necrohulk, Shield Guardian 
8, Cloaker, Spirit Naga, Chain Devil, Aberrant Cultist 
9, Clay Golem, Bone Devil, Glabrezu 
10, Stone Golem, Aboleth, Death Slaad 
11, Behir, Death Knight Aspirant, Mind Flayer Arcanist 
12, Archmage, Arcanaloth 
13, Beholder, Nalfeshnee, Shadow Dragon 
14, Death Tyrant 
15, Purple Worm 
16, Iron Golem, Marilith 
17, Adult Red Dragon, Dracolich 
18, Demilich, Ancient Deep Dragon
19, Balor 
20, Pit Fiend 
21, Lich 
23, Blob of Annihilation 
24, Ancient Red Dragon
30, Tarrasque 
