CR,Monsters
1/8, Bandit, Twig Blight, Giant Weasel, Mastiff 
1/4, Needle Blight, Wolf, Boar, Giant Badger, Goblin Warrior, Panther 
1/2, Vine Blight, Scout, Worg, Gnoll Warrior, Hobgoblin Warrior, Black Bear 
1, Dire Wolf, Bugbear Warrior, Brown Bear, Goblin Boss, Tiger, Giant Hyena, Lion 
2, Ankheg, Ogre, Bandit Captain, Will-o-wisp, Ettercap, Giant Boar, Giant Elk, Gnoll Pack Lord 
3, Green Hag, Werewolf, Owlbear, Manticore, Displacer Beast, Bugbear Stalker 
4, Ettin, Wereboar, Gnoll Fang of Yeenoghu, Zhentilar Paladin of Bane 
5, Hill Giant, Troll, Bulette, Gorgon, Revenant, Night Hag 
6, Chimera, Wyvern, Hobgoblin Warlord, Cyclops Sentry 
7, Oni, Stone Giant, Primeval Owlbear, Graveyard Revenant 
8, Berserker Commander, Gnoll Demoniac, Assassin, Death Cultist 
9, Fire Giant, Treant, Young Blue Dragon 
10, Young Gold Dragon, Warrior Commander, Dire Worg 
11, Roc, Behir, Horned Devil 
12, Questing Knight, Archpriest 
13, Adult Brass Dragon, Vampire, Nalfeshnee 
14, Adult Black Dragon 
15, Adult Bronze Dragon, Adult Green Dragon 
16, Adult Silver Dragon 
17, Adult Red Dragon, Adult Gold Dragon 
18, CR 18 Placeholder 
19, CR 19 Placeholder 
20, Ancient Brass Dragon, Ancient White Dragon 
21, Ancient Black Dragon, Ancient Copper Dragon 
22, Ancient Bronze Dragon, Ancient Green Dragon 
23, Ancient Blue Dragon, Ancient Silver Dragon 
24, Ancient Gold Dragon, Ancient Red Dragon 
30, Tarrasque 
