CR,Monsters
1/8, Blood Hawk, Flying Snake, Merfolk Skirmisher, Giant Crab, Giant Weasel, Goblin Minion, Twig Blight
1/4, Pixie, Sprite, Giant Owl, Giant Frog, Blink Dog, Pseudodragon , Goblin Warrior, Giant Badger, Needle Blight, Wolf
1/2, Satyr, Sea Hag, Vine Blight, Sahaugain Warrior, Hobgoblin Warrior, Worg
1, Dryad, Giant Eagle, Faerie Dragon Youth, Hippogriff, Harpy, Goblin Boss, Bugbear Warrior, Dire Wolf
2, Griffon, Sea Hag, Druid, Faerie Dragon Adult, Pegasus, Merrow Awakened Tree,
3, Green Hag, Water Weird, Killer Whale, Werewolf , Bugbear Stalker, Swanmay
4, Banshee, Couatl, Rusted Berserker, Wereboar , Bullywug Bog Sage, 
5, Sahaugin Baron, Water Elemental, Shambling Mound, Unicorn, Werebear, Pixie Wonderbringer 
6, Galeb Duhr, Chimera, Wyvern, Merfolk Wavebender Hobgoblin Warlord, Satyr Revelmaster
7, Stone Giant, Tree Blight, Centaur Warden, Giant Ape , Centaur Warden
8, Fomorian, Elemental Cultist, Hydra, Young Green Dragon 
9, Treant, Cloud Giant, Brazen Gorgon, Young Blue Dragon 
10, Guardian Naga, Deva, Dire Worg , Cyclops Oracle
11, Beast of Malar, Marid
12, Archmage, Archpriest, Spore of Moander 
13, Storm Giant 
14, Rusted Wyrm 
15, Adult Green Dragon
16, Gulthias Blight, Planetar 
17, Dragon Turtle 
18, CR 18 Placeholder 
19, CR 19 Placeholder 
20, Animal Lord 
21, Arch-hag, Solar 
22, Elemental Cataclysm, Ancient Green Dragon 
23, Kraken, Empyrean 
