CR,Monsters
1/8, Blood Hawk, Kobold Warrior, Cultist, mountain goat, yeti tyke,  
1/4, Axe Beak, Giant Owl, Aarakocra, wolf, zombie 
1/2, Ice Mephit, Tough, Scout, Worg 
1, Brown Bear, Ogrillon Ogre, Crag Cat, Warrior, Healer 
2, Griffon, Ogre, Polar Bear, Saber-Toothed Tiger, White Dragon Wyrmling, Cult Fanatic, Quaggoth, Shaman 
3, Manticore, Winter Wolf, Yeti, Awakened White Moose, Snow Golem, Snowy Owlbear, Polar Serpent 
4, Chardalyn Berserker, Banshee, Giant Walrus, Verbeeg Marauder , Weretiger
5, Giant Axe Beak, Troll, Werebear, Young Remorhaz, Frost Druid, Cheiftan, Great Warrior, 
6, Mammoth, Young White Dragon, Frost Giant Skeleton 
7, Blue Slaad, Giant Ape, Primeval Owlbear, Tree Blight 
8, Frost Giant, beserker commander, elemental cultist, hydra 
9, Abominable Yeti
10, Dire Worg, Cultist Heirophant, Cyclops Oracle, Warrior Commander 
11, Remorhaz, Roc 
12, Archmage
13, Adult White Dragon
14, Ice Devil
15,Vampire Umbral Lord
16, Adult Silver Dragon, Storm Giant Quintessent 
17, Death Knight, Dracolich, Goristo 
18, Zlan, Demilich 
19, Character
20, Ancient White Dragon, Night Walker 
21, Arch-hag, Lich 
23, Elder Tempest