{
	"data": [
		{
			"type": "section",
			"name": "Activity Pages",
			"page": 1,
			"entries": [
				{
					"type": "image",
					"href": {
						"type": "internal",
						"path": "book/AWM/00033.webp"
					},
					"title": "Adventure with Muk",
					"credit": "Emi Tanji",
					"expectsLightBackground": true,
					"altText": "Adventure with Muk",
					"width": 2175,
					"height": 2100
				},
				{
					"type": "quote",
					"style": "quote-pull",
					"entries": [
						"An adventure activity book for players of all levels"
					],
					"skipMarks": true,
					"skipItalics": true
				},
				{
					"type": "entries",
					"style": "text-center",
					"entries": [
						{
							"type": "entries",
							"entries": [
								{
									"type": "entries",
									"name": "In Support of Extra Life",
									"page": 1,
									"entries": [
										"",
										"Created & Illustrated by Emi Tanji",
										"Adventure & Design Genius by Adam Lee and Chris Lindsay",
										"Special Thanks to Bart Carroll"
									],
									"id": "003"
								}
							],
							"id": "002"
						}
					],
					"id": "001"
				},
				{
					"type": "image",
					"href": {
						"type": "internal",
						"path": "book/AWM/00004.webp"
					},
					"title": "Hello! I'm Muk the (bravest) Goblin",
					"credit": "Emi Tanji",
					"expectsLightBackground": true,
					"altText": "Hello! I'm Muk the (bravest) Goblin. Jet black hair that kinda smells. But a good stink! Super big ears for super good hearing. Goblins have yellow or orange skin. My nos is like a kitty. A fierce kitty. Who needs boots? I need to SNEAK! Level: 3. Specialties: Super sneaky. Great at climbing, and I can talk to animals!",
					"width": 2175,
					"height": 2925
				},
				{
					"type": "image",
					"href": {
						"type": "internal",
						"path": "book/AWM/00005.webp"
					},
					"title": "What does {@b your} adventurer look like?",
					"credit": "Emi Tanji",
					"expectsLightBackground": true,
					"altText": "Your Name. What does your adventurer look like?",
					"width": 2175,
					"height": 2925
				},
				{
					"type": "image",
					"href": {
						"type": "internal",
						"path": "book/AWM/00006.webp"
					},
					"title": "Let me introduce you to my best friend and companion, {@creature Birdsquirrel|AWM}!",
					"credit": "Emi Tanji",
					"expectsLightBackground": true,
					"altText": "Let me introduce you to my best friend and companion, Birdsquirrel! Part bird, part squirrel, all awesome. Birdsquirrel was made with magic by a nitty wizard! Uh oh.",
					"width": 2175,
					"height": 2925
				},
				{
					"type": "image",
					"href": {
						"type": "internal",
						"path": "book/AWM/00007.webp"
					},
					"title": "Draw your magical creature combo!",
					"credit": "Emi Tanji",
					"expectsLightBackground": true,
					"altText": "Draw your magical creature combo! Owl + Bear = Owlbear. Spider + Frog = Spiderfrog. Rhino + Shark = Rhinoshark.",
					"width": 2175,
					"height": 2925
				},
				{
					"type": "image",
					"href": {
						"type": "internal",
						"path": "book/AWM/00008.webp"
					},
					"title": "There are some crazy monsters out there.",
					"credit": "Emi Tanji",
					"expectsLightBackground": true,
					"altText": "Beholder: This guy has eleven eyes! Grick: Watch out for its beak! Grey Slaad: Tastes nothing like a salad! Yuck! There are some crazy monsters out there. You better stick with us!",
					"width": 2175,
					"height": 2925
				},
				{
					"type": "image",
					"href": {
						"type": "internal",
						"path": "book/AWM/00009.webp"
					},
					"title": "How to draw a...",
					"credit": "Emi Tanji",
					"expectsLightBackground": true,
					"altText": "How to draw a... Goblin (me!), Flumph, Grung. Now you try!",
					"width": 2175,
					"height": 2925
				},
				{
					"type": "image",
					"href": {
						"type": "internal",
						"path": "book/AWM/00010.webp"
					},
					"title": "Of we're going adventuring, we should always be prepared!",
					"credit": "Emi Tanji",
					"expectsLightBackground": true,
					"altText": "Of we're going adventuring, we should always be prepared! This is my super cool shield. I made it myself.",
					"width": 2175,
					"height": 2925
				},
				{
					"type": "image",
					"href": {
						"type": "internal",
						"path": "book/AWM/00011.webp"
					},
					"title": "What does your shield look like?",
					"credit": "Emi Tanji",
					"expectsLightBackground": true,
					"altText": "What does your shield look like? Here are some different shapes to choose from. Birdsquirrel is ready for action!",
					"width": 2175,
					"height": 2925
				},
				{
					"type": "image",
					"href": {
						"type": "internal",
						"path": "book/AWM/00012.webp"
					},
					"title": "Time for adventure!",
					"credit": "Emi Tanji",
					"expectsLightBackground": true,
					"altText": "Time for adventure! Hey! You can have my map. I already have the best treasure. The shiniest rock. My friend slurpy. Snowy hills. Beware giants. Treasure? Big water. Dummy goblins. Gob-town. Dankwood.",
					"width": 2175,
					"height": 2925
				},
				{
					"type": "image",
					"href": {
						"type": "internal",
						"path": "book/AWM/00013.webp"
					},
					"title": "Create a map of your own!",
					"credit": "Emi Tanji",
					"expectsLightBackground": true,
					"altText": "Create a map of your own!",
					"width": 2175,
					"height": 2925
				},
				{
					"type": "image",
					"href": {
						"type": "internal",
						"path": "book/AWM/00014.webp"
					},
					"title": "What swims under Muk's boat?",
					"credit": "Emi Tanji",
					"expectsLightBackground": true,
					"altText": "What swims under Muk's boat?",
					"width": 2175,
					"height": 2925
				},
				{
					"type": "image",
					"href": {
						"type": "internal",
						"path": "book/AWM/00015.webp"
					},
					"title": "Which vine should Muk climb to get to safety?",
					"credit": "Emi Tanji",
					"expectsLightBackground": true,
					"altText": "Which vine should Muk climb to get to safety? Froghemoth. Safety. Meenlock.",
					"width": 2175,
					"height": 2925
				},
				{
					"type": "entries",
					"page": 14,
					"entries": [
						{
							"type": "image",
							"href": {
								"type": "internal",
								"path": "book/AWM/00016.webp"
							},
							"title": "Wow! Muk found a {@item Bag of Tricks}",
							"credit": "Emi Tanji",
							"expectsLightBackground": true,
							"altText": "Wow! Muk found a Bag of Tricks. What did you pull from the Bag of Tricks?",
							"width": 2175,
							"height": 2925
						},
						"This is a magical bag that can summon a furry friend to aide you on your adventure!",
						"Roll {@dice 2d6|two, 6-sided dice} and use the charts below to see what kind of animal comes out and its personality!",
						{
							"type": "list",
							"style": "list-no-bullets",
							"columns": 2,
							"page": 14,
							"items": [
								{
									"type": "table",
									"page": 14,
									"colLabels": [
										"{@dice d6|🎲}",
										"Animal Type"
									],
									"colStyles": [
										"col-2 text-center",
										"col-10"
									],
									"rows": [
										[
											"1",
											"{@creature Giant Badger}"
										],
										[
											"2",
											"{@creature Rat}"
										],
										[
											"3",
											"{@creature Owl}"
										],
										[
											"4",
											"Dog"
										],
										[
											"5",
											"Miniature Goat"
										],
										[
											"6",
											"Hedgehog"
										]
									]
								},
								{
									"type": "table",
									"page": 14,
									"colLabels": [
										"{@dice d6|🎲}",
										"Animal Personality"
									],
									"colStyles": [
										"col-2 text-center",
										"col-10"
									],
									"rows": [
										[
											"1",
											"Sleepy"
										],
										[
											"2",
											"Rabid and Crazy!"
										],
										[
											"3",
											"Lovestruck"
										],
										[
											"4",
											"Happy"
										],
										[
											"5",
											"Mischievous"
										],
										[
											"6",
											"Very, Very Sad"
										]
									]
								}
							]
						}
					],
					"id": "004"
				},
				{
					"type": "section",
					"name": "Word Find",
					"page": 15,
					"entries": [
						{
							"type": "table",
							"page": 15,
							"colStyles": [
								"text-center",
								"text-center",
								"text-center",
								"text-center",
								"text-center",
								"text-center",
								"text-center",
								"text-center",
								"text-center",
								"text-center",
								"text-center",
								"text-center",
								"text-center",
								"text-center",
								"text-center"
							],
							"rows": [
								[
									"O",
									"K",
									"W",
									"A",
									"Z",
									"T",
									"H",
									"B",
									"E",
									"B",
									"F",
									"O",
									"N",
									"N",
									"B"
								],
								[
									"W",
									"E",
									"U",
									"F",
									"W",
									"P",
									"R",
									"R",
									"U",
									"I",
									"L",
									"T",
									"Q",
									"O",
									"G"
								],
								[
									"L",
									"N",
									"N",
									"M",
									"M",
									"M",
									"U",
									"O",
									"R",
									"L",
									"E",
									"R",
									"W",
									"G",
									"V"
								],
								[
									"B",
									"S",
									"I",
									"U",
									"N",
									"T",
									"P",
									"K",
									"L",
									"D",
									"L",
									"N",
									"D",
									"A",
									"W"
								],
								[
									"E",
									"A",
									"L",
									"L",
									"N",
									"D",
									"Y",
									"E",
									"X",
									"L",
									"V",
									"Y",
									"F",
									"R",
									"L"
								],
								[
									"A",
									"F",
									"K",
									"E",
									"B",
									"O",
									"O",
									"N",
									"W",
									"D",
									"Z",
									"W",
									"W",
									"D",
									"Q"
								],
								[
									"R",
									"W",
									"V",
									"T",
									"S",
									"O",
									"P",
									"K",
									"N",
									"H",
									"X",
									"C",
									"N",
									"U",
									"J"
								],
								[
									"U",
									"D",
									"H",
									"L",
									"H",
									"I",
									"G",
									"U",
									"C",
									"X",
									"E",
									"V",
									"B",
									"T",
									"G"
								],
								[
									"A",
									"R",
									"L",
									"L",
									"L",
									"O",
									"B",
									"E",
									"H",
									"O",
									"L",
									"D",
									"E",
									"R",
									"B"
								],
								[
									"L",
									"U",
									"G",
									"N",
									"O",
									"L",
									"L",
									"N",
									"Z",
									"E",
									"R",
									"V",
									"T",
									"U",
									"B"
								],
								[
									"L",
									"H",
									"Z",
									"H",
									"T",
									"T",
									"Q",
									"R",
									"T",
									"Q",
									"T",
									"E",
									"G",
									"B",
									"O"
								],
								[
									"T",
									"E",
									"E",
									"E",
									"T",
									"T",
									"E",
									"L",
									"U",
									"B",
									"I",
									"B",
									"D",
									"B",
									"L"
								],
								[
									"C",
									"R",
									"K",
									"V",
									"Q",
									"F",
									"H",
									"O",
									"I",
									"S",
									"E",
									"J",
									"Z",
									"K",
									"S"
								],
								[
									"O",
									"R",
									"E",
									"W",
									"O",
									"R",
									"D",
									"R",
									"V",
									"A",
									"B",
									"A",
									"L",
									"P",
									"M"
								],
								[
									"V",
									"A",
									"F",
									"X",
									"E",
									"R",
									"P",
									"A",
									"R",
									"B",
									"I",
									"S",
									"R",
									"K",
									"M"
								]
							]
						},
						{
							"type": "inset",
							"page": 15,
							"entries": [
								{
									"type": "list",
									"style": "list-no-bullets",
									"columns": 2,
									"page": 15,
									"items": [
										"ADVENTURE",
										"BEHOLDER",
										"BUGBEAR",
										"BULETTE",
										"BULLYWUG",
										"DRAGON",
										"DROW",
										"ELF",
										"FLUMPH",
										"GNOLL",
										"GOBLIN",
										"HERO",
										"KENKU",
										"MUK",
										"OWLBEAR",
										"TROLL"
									]
								}
							],
							"id": "006"
						},
						{
							"type": "image",
							"href": {
								"type": "internal",
								"path": "book/AWM/00016a.webp"
							},
							"title": "{@creature Birdsquirrel|AWM} can't read so good... can you please help?",
							"credit": "Emi Tanji",
							"expectsLightBackground": true,
							"altText": "Birdsquirrel can't read so good... can you please help?",
							"width": 813,
							"height": 718
						}
					],
					"id": "005"
				},
				{
					"type": "image",
					"href": {
						"type": "internal",
						"path": "book/AWM/00017.webp"
					},
					"title": "Uh oh... Looks like we've run into some... friends?",
					"credit": "Emi Tanji",
					"expectsLightBackground": true,
					"altText": "Uh oh... Looks like we've run into some... friends? Bugbears are a type of goblinoid, too. They a super big... like, 7 feet tall! They like to boss us goblins around, all the time!",
					"width": 2175,
					"height": 2925
				},
				{
					"type": "entries",
					"page": 17,
					"entries": [
						{
							"type": "image",
							"href": {
								"type": "internal",
								"path": "book/AWM/00018.webp"
							},
							"title": "Charisma Check!",
							"credit": "Emi Tanji",
							"expectsLightBackground": true,
							"altText": "Charisma Check! Help Muk choose just the right words to get past the bugbear guards!",
							"width": 2175,
							"height": 651
						},
						{
							"type": "list",
							"style": "list-no-bullets",
							"page": 17,
							"items": [
								{
									"type": "item",
									"name": "Exclamation:",
									"entries": [
										""
									]
								},
								{
									"type": "item",
									"name": "Adjective:",
									"entries": [
										""
									]
								},
								{
									"type": "item",
									"name": "Adjective:",
									"entries": [
										""
									]
								},
								{
									"type": "item",
									"name": "Time of day:",
									"entries": [
										""
									]
								},
								{
									"type": "item",
									"name": "Adjective:",
									"entries": [
										""
									]
								},
								{
									"type": "item",
									"name": "Plural noun:",
									"entries": [
										""
									]
								},
								{
									"type": "item",
									"name": "Number:",
									"entries": [
										""
									]
								},
								{
									"type": "item",
									"name": "Scary noun:",
									"entries": [
										""
									]
								},
								{
									"type": "item",
									"name": "Adjective:",
									"entries": [
										""
									]
								},
								{
									"type": "item",
									"name": "Name of person in room:",
									"entries": [
										""
									]
								},
								{
									"type": "item",
									"name": "Noun:",
									"entries": [
										""
									]
								},
								{
									"type": "item",
									"name": "Verb:",
									"entries": [
										""
									]
								},
								{
									"type": "item",
									"name": "Adverb:",
									"entries": [
										""
									]
								}
							]
						},
						{
							"type": "list",
							"style": "list-no-bullets",
							"columns": 2,
							"page": 17,
							"items": [
								{
									"type": "inset",
									"name": "Instructions",
									"page": 17,
									"entries": [
										"Once you've finished choosing your words, flip to the next page and fill in the blanks in the order as it's listed. Read Muk's speech out loud and decide if he charms his way past the Bugbears!"
									],
									"id": "008"
								},
								{
									"type": "inset",
									"name": "Definitions",
									"page": 17,
									"entries": [
										{
											"type": "list",
											"style": "list-no-bullets",
											"page": 17,
											"items": [
												{
													"type": "item",
													"name": "Adjective:",
													"entries": [
														"A word that {@i describes} something or someone"
													]
												},
												{
													"type": "item",
													"name": "Adverb:",
													"entries": [
														"A verb (action) usually ending in \"ly\""
													]
												},
												{
													"type": "item",
													"name": "Noun:",
													"entries": [
														"A person, place or thing"
													]
												},
												{
													"type": "item",
													"name": "Plural Noun:",
													"entries": [
														"Multiple persons, places or things"
													]
												},
												{
													"type": "item",
													"name": "Verb:",
													"entries": [
														"Ab action, or something someone does"
													]
												}
											]
										}
									],
									"id": "009"
								}
							]
						}
					],
					"id": "007"
				},
				{
					"type": "entries",
					"page": 18,
					"entries": [
						{
							"type": "insetReadaloud",
							"page": 18,
							"style": "text-center",
							"entries": [
								"{@footnote __________________|EXCLAMATION} {@footnote __________________|ADJECTIVE} Guards!",
								"Isn't it a {@footnote __________________|ADJECTIVE} {@footnote __________________|TIME OF DAY}?",
								"My name is Muk, the {@footnote __________________|ADJECTIVE}!",
								"You may have heard of me, as my {@footnote __________________|PLURAL NOUN} are quite well-known!",
								"The songs of my victory over the {@footnote __________________|NUMBER} {@footnote __________________|SCARY NOUN} is all true!",
								"Your {@footnote __________________|ADJECTIVE} leader, {@footnote __________________|NAME OF PERSON IN ROOM} gave me permission to pass.",
								"But! If you try to give us any {@footnote __________________|NOUN}, my sidekick here will {@footnote __________________|VERB} the both of you!",
								"Beware, {@creature Birdsquirrel|AWM} fights quite {@footnote __________________|ADVERB}!"
							],
							"id": "00b"
						},
						{
							"type": "image",
							"href": {
								"type": "internal",
								"path": "book/AWM/00019.webp"
							},
							"credit": "Emi Tanji",
							"expectsLightBackground": true,
							"width": 2175,
							"height": 2925
						}
					],
					"id": "00a"
				},
				{
					"type": "image",
					"href": {
						"type": "internal",
						"path": "book/AWM/00020.webp"
					},
					"title": "Help Muk find {@creature Birdsquirrel|AWM} before the skeletons do!",
					"credit": "Emi Tanji",
					"expectsLightBackground": true,
					"altText": "Help Muk find Birdsquirrel before the skeletons do!",
					"width": 2175,
					"height": 2925
				},
				{
					"type": "image",
					"href": {
						"type": "internal",
						"path": "book/AWM/00021.webp"
					},
					"title": "The dwarves have lost all their hair!",
					"credit": "Emi Tanji",
					"expectsLightBackground": true,
					"altText": "The dwarves have lost all their hair! Draw back the beards/eyebrows/hair on these four brave dwarven folk! Like me!",
					"width": 2175,
					"height": 2925
				},
				{
					"type": "image",
					"href": {
						"type": "internal",
						"path": "book/AWM/00022.webp"
					},
					"title": "Even the bravest goblin gets scared!",
					"credit": "Emi Tanji",
					"expectsLightBackground": true,
					"altText": "Even the bravest goblin gets scared! Draw the two heads on the demogorgon. I can't look!",
					"width": 2175,
					"height": 2925
				},
				{
					"type": "image",
					"href": {
						"type": "internal",
						"path": "book/AWM/00023.webp"
					},
					"title": "Is this the Treasure?",
					"credit": "Emi Tanji",
					"expectsLightBackground": true,
					"altText": "Is this the Treasure?",
					"width": 2175,
					"height": 2925
				},
				{
					"type": "image",
					"href": {
						"type": "internal",
						"path": "book/AWM/00024.webp"
					},
					"title": "Decode the secret scroll from the treasure chest!",
					"credit": "Emi Tanji",
					"expectsLightBackground": true,
					"altText": "Decode the secret scroll from the treasure chest! The End! Thank you for adventuring with us!",
					"width": 2175,
					"height": 2925
				}
			],
			"id": "000"
		},
		{
			"type": "section",
			"name": "Answers",
			"page": 24,
			"entries": [
				{
					"type": "image",
					"href": {
						"type": "internal",
						"path": "book/AWM/00025.webp"
					},
					"title": "Answers",
					"credit": "Emi Tanji",
					"expectsLightBackground": true,
					"altText": "Which vine should Muk climb to get to safety? Climb Vine number 3! Secret Scroll: It is not what we have...but who we have.",
					"width": 2175,
					"height": 2925
				},
				{
					"type": "image",
					"href": {
						"type": "internal",
						"path": "book/AWM/00026.webp"
					},
					"title": "If you've enjoyed adventuring with Muk, there's more ahead! Read on to learn more about Muk, his fellow goblins and adventures {@u you} can partake in!",
					"credit": "Emi Tanji",
					"expectsLightBackground": true,
					"altText": "If you've enjoyed adventuring with Muk, there's more ahead! Read on to learn more about Muk, his fellow goblins and adventures you can partake in!",
					"width": 2596,
					"height": 3433
				}
			],
			"id": "00c"
		},
		{
			"type": "section",
			"name": "Muk and Friends",
			"page": 26,
			"entries": [
				"Welcome to the world of Muk, a plucky little goblin and his loyal companion, {@creature Birdsquirrel|AWM}. They live in Gob-Town, deep within Dankwood Forest along with a bunch of their goblin-y friends digging up grubs, making mud houses, and picking edible nuts, roots, and berries for their goblin feasts.",
				"But Dankwood is a magical place populated by monsters and ancient ruins. Muk has had many adventures exploring his home and has met many creatures\u2014some friendly and some very grumpy.",
				"Muk's friend, the eccentric gnome wizard, Doonwaggle who created {@creature Birdsquirrel|AWM}, has all kinds of things for Muk to do within the Dankwood. Doonwaggle is always coming up with new experiments and needs ingredients for them which keeps Muk and his friends busy.",
				{
					"type": "section",
					"name": "How to Play!",
					"page": 26,
					"entries": [
						"This adventure booklet is designed for an adult dungeon master to introduce kids to role-playing and storytelling in a {@style Dungeons & Dragons|dnd-font} adventure.",
						"The story hooks are basic and require no maps. All you need are some dice, pencils, paper, and your imaginations. Each adventure hook has a basic problem to solve followed by some questions that you can ask your players to answer about the story. In this adventure, you are going to co-create the story with your players to get them comfortable with using their imaginations to create the world and tell stories within it. These questions are suggestions to get the imagination expanded, so feel free to add your own questions and expand on them. Often, new players don't know that they can think of {@b anything} that their imagination can conjure up, so it can take some prompting from the dungeon master to break down the boundaries of what is possible and get to a space where the magic and wonder of the fantasy world truly comes alive."
					],
					"id": "00e"
				},
				{
					"type": "section",
					"name": "The Heroes",
					"page": 26,
					"entries": [
						"This adventure activity book has its own cast of characters for your players to use as their adventurers. Every hero has a backstory that you can tell your player about to give them an idea of what their character is like, or you can have your players invent a completely new backstory on their own.",
						{
							"type": "inset",
							"name": "You Like Adventure Hooks?",
							"page": 26,
							"entries": [
								"Here's a list of fun ideas that Muk and friends can encounter in the Dankwood. Use them to spawn adventures!",
								"Roll a {@dice d8}:",
								{
									"type": "table",
									"page": 26,
									"colLabels": [
										"d8",
										"Adventure Hook"
									],
									"colStyles": [
										"col-2 text-center",
										"col-10"
									],
									"rows": [
										[
											"1",
											"A dryad's silver acorn (I bet she would love it back!)"
										],
										[
											"2",
											"A unicorn's magical horn (Is something looking for it?)"
										],
										[
											"3",
											"A golden whistle (What does blowing the whistle do?)"
										],
										[
											"4",
											"A figurine of a golden bird (Does it come to life?)"
										],
										[
											"5",
											"The long-lost Gob-Stick (Sacred to all goblins!)"
										],
										[
											"6",
											"A treasure map! (Where does it lead? What's the treasure?)"
										],
										[
											"7",
											"A lost otter. (Was its memory erased by an evil hag's spell?)"
										],
										[
											"8",
											"A skull. (Does it ask to find the rest of its bones?)"
										]
									]
								}
							],
							"id": "010"
						},
						{
							"type": "entries",
							"name": "Muk and Birdsquirrel",
							"page": 26,
							"entries": [
								"Muk and {@creature Birdsquirrel|AWM} are an inseparable team of adventurers. Together they love to explore and make friends within the forest. They love to investigate places that the other goblins are afraid of in hopes of finding magical items for the gnome wizard, Doonwaggle.",
								{
									"type": "image",
									"href": {
										"type": "internal",
										"path": "book/AWM/00028.webp"
									},
									"credit": "Emi Tanji",
									"expectsLightBackground": true,
									"width": 1450,
									"height": 1417
								}
							],
							"id": "011"
						},
						{
							"type": "entries",
							"name": "Ungo",
							"page": 26,
							"entries": [
								"Ungo was once the fiercest of goblin fighters who was rumored to have defeated many orcs. He has since renounced the ways of violence and now lives in a cave, content to wander the Dankwood, talking to the trees and sitting by streams where he watches the small, silvery fish swim in its waters. He knows the Dankwood better than any goblin around and has much wisdom and kindness in his heart.",
								{
									"type": "image",
									"href": {
										"type": "internal",
										"path": "book/AWM/00029.webp"
									},
									"credit": "Emi Tanji",
									"expectsLightBackground": true,
									"width": 1846,
									"height": 2521
								}
							],
							"id": "012"
						},
						{
							"type": "entries",
							"name": "Wam and Rikruk",
							"page": 27,
							"entries": [
								"Wam is a tough warrior who has a heart of gold. She is older than Muk and has taught him about surviving in the Dankwood. Several seasons ago, she found a baby goblin abandoned in the woods who she named Rikruk. Wam believes that Rikruk was given to her by the goblin gods to raise into a great goblin chief.",
								{
									"type": "image",
									"href": {
										"type": "internal",
										"path": "book/AWM/00031.webp"
									},
									"credit": "Emi Tanji",
									"expectsLightBackground": true,
									"width": 1446,
									"height": 2179
								}
							],
							"id": "013"
						},
						{
							"type": "entries",
							"name": "Lord Fishbone",
							"page": 27,
							"entries": [
								"Lord Fishbone was once known as Guk. Guk had always dreamed of the Big City that was rumored to be outside the Dankwood but no goblin had ever dared to go there. One day, Guk disappeared and rumor had it that he had finally gone to find the Big City. Guk came back years later as Lord Fishbone, dressed in human clothes and sporting an elegant moustache. Lord Fishbone is full of stories about all kinds strange and wonderful adventures that they had while in the human city. Lord Fishbone is courageous, full of life, and a dashing and daring adventurer.",
								{
									"type": "image",
									"href": {
										"type": "internal",
										"path": "book/AWM/00030.webp"
									},
									"credit": "Emi Tanji",
									"expectsLightBackground": true,
									"width": 1588,
									"height": 2042
								}
							],
							"id": "014"
						},
						{
							"type": "inset",
							"name": "NPCs",
							"page": 27,
							"entries": [
								"The following NPCs are for use in your game. Feel free to have them appear to help or hinder the characters as they go on their adventures. They can have information the party needs to solve a problem or they can help defeat a monster or heal a wounded adventurer.",
								{
									"type": "image",
									"href": {
										"type": "internal",
										"path": "book/AWM/00031a.webp"
									},
									"credit": "Emi Tanji",
									"expectsLightBackground": true,
									"maxHeight": 250,
									"width": 708,
									"height": 630
								},
								{
									"type": "entries",
									"name": "The Wizard Doonwaggle",
									"page": 27,
									"entries": [
										"Doonwaggle is an eccentric gnome wizard who dabbles in the natural magic of the Dankwood which he uses to create hybrid creatures and mechanical toys."
									],
									"id": "016"
								},
								{
									"type": "image",
									"href": {
										"type": "internal",
										"path": "book/AWM/00031b.webp"
									},
									"credit": "Emi Tanji",
									"expectsLightBackground": true,
									"maxHeight": 250,
									"width": 1668,
									"height": 772
								},
								{
									"type": "entries",
									"name": "Dankwood Elders",
									"page": 27,
									"entries": [
										"The Dankwood elders are three tribe members who are elected to guide the goblins of Dankwood. Gribble is a shaman, Gorm is a warrior, and Ginst is an artisan."
									],
									"id": "017"
								},
								{
									"type": "image",
									"href": {
										"type": "internal",
										"path": "book/AWM/00031c.webp"
									},
									"credit": "Emi Tanji",
									"expectsLightBackground": true,
									"maxHeight": 250,
									"width": 844,
									"height": 761
								},
								{
									"type": "entries",
									"name": "Grubbah the Bugbear",
									"page": 27,
									"entries": [
										"Grubbah is a bugbear who is the boss of all bugbears. She is strong, fierce, and always hungry so if you want to be her friend, food is the best way."
									],
									"id": "018"
								},
								{
									"type": "image",
									"href": {
										"type": "internal",
										"path": "book/AWM/00031d.webp"
									},
									"credit": "Emi Tanji",
									"expectsLightBackground": true,
									"maxHeight": 250,
									"width": 813,
									"height": 615
								},
								{
									"type": "entries",
									"name": "Slurpy",
									"page": 27,
									"entries": [
										"Slurpy is Muk's goblin friend who lives near the Big Water. He loves treasure hunting and knows of many secret places. His most prized possession is his Shiniest Rock, which he cleverly won from a silly, human adventurer named Greg."
									],
									"id": "019"
								}
							],
							"id": "015"
						}
					],
					"id": "00f"
				},
				{
					"type": "section",
					"name": "Adventure Ideas",
					"page": 28,
					"entries": [
						"Every adventure has a solution that can be attained without resorting to combat, and the questions are designed to give your players some ingredients that may jog ideas as to how problems can be solved. There are many possible paths as to how each story can be told, so unlock the mind and let your imaginations lead the way!",
						{
							"type": "entries",
							"name": "The Great Kroom",
							"page": 28,
							"entries": [
								"There's a rumbling in woods and Ungo knows that it's the return of the {@creature Great Kroom, Purple Worm|AWM|Great Kroom, a purple worm} that digs enormous tunnels under Dankwood. The problem is that Ungo has forgotten what the goblins did to shoo him away the last time the Great Kroom was here. If the Great Kroom keeps digging, the whole of Gob-Town could fall into one of its tunnels!",
								{
									"type": "list",
									"page": 28,
									"name": "Questions to ask:",
									"items": [
										"How do you think they got rid of the Great Kroom? Did they confuse him? Was it a magical spell?",
										"Maybe ask the wizard Doonwaggle to see what he thinks!",
										"What do purple worms like? What do they hate?"
									]
								}
							],
							"id": "01b"
						},
						{
							"type": "entries",
							"name": "The Hungry Otyugh",
							"page": 28,
							"entries": [
								"Nobody likes the {@creature Hangry Otyugh|AWM|otyugh} because he's stinky and makes awful sounds. He may be very grumpy but Muk knows that it's only because he's hungry. The problem is that everything an {@creature Hangry Otyugh|AWM|otyugh} eats is really gross and he's coming closer to Gob-Town looking for more food.",
								{
									"type": "list",
									"page": 28,
									"name": "Questions to ask:",
									"items": [
										"How can Muk help this poor, disagreeable monster?",
										"What are some of the gross things that otyughs eat and where do you find them?",
										"Is there a way to make the otyugh less stinky?"
									]
								}
							],
							"id": "01c"
						},
						{
							"type": "entries",
							"name": "Birdsquirrel's Journey",
							"page": 28,
							"entries": [
								"By all accounts, {@creature Birdsquirrel|AWM} was created by the nutty wizard, Doonwaggle. But {@creature Birdsquirrel|AWM} now takes Muk on a quest deep into the woods to find a family of birdsquirrels. The only problem is that they have been captured by a {@creature Dankwood Hag|AWM|wicked hag} who wishes to use these unique and magical creatures in her latest soup!",
								{
									"type": "list",
									"page": 28,
									"name": "Questions to ask:",
									"items": [
										"What other the other ingredients that are going in the hag's soup?",
										"Why is the hag making the soup?",
										"Is she grumpy? Or does she have a soft spot?",
										"Does she have any pets?",
										"Is she lonely?"
									]
								}
							],
							"id": "01d"
						},
						{
							"type": "inset",
							"name": "Getting Knocked Koo-Koo",
							"page": 28,
							"entries": [
								"Most of the encounters in the Dankwood are designed to be solved without combat. But should a goblin get in a scuffle and lose all their hit points, have them be knocked out and wake up in an even more difficult situation. For example: if Muk loses a fight with a bugbear, he could wake up in a hag's cauldron and have to talk his way out of becoming part of a potion. Or, when escaping from a gang of nasty gobbos he slips and falls out of a tree, have him wake up, trussed like a turkey, in the grumpy gobbo camp."
							],
							"id": "01e"
						},
						{
							"type": "entries",
							"name": "Doonwaggle's Contraption",
							"page": 28,
							"entries": [
								"Doonwaggle needs three things for his latest magical experiment and he would like Muk and his friends to get them for him.",
								{
									"type": "list",
									"page": 28,
									"name": "The items are:",
									"items": [
										"A pearl from a freshwater clam that live only in the waters within the Crystal Cave and which are guarded by a group of {@creature Crystal Cave Merfolk|AWM|merfolk}.",
										"A golden nut from the sacred Boontu tree which is rumored to be filled with {@creature Boontu Monkey|AWM|grumpy monkeys}.",
										"A feather from {@creature Saleeth the Couatl|AWM|Saleeth}, the gentle couatl who dwells in a ruined temple, high up on a hill within the forest."
									]
								},
								"Once Doonwaggle gets his materials, he says that this contraption will be his finest creation to date!",
								{
									"type": "list",
									"page": 28,
									"name": "Questions to ask:",
									"items": [
										"What do the {@creature Crystal Cave Merfolk|AWM|merfolk} want for their pearl? A song? A gemstone?",
										"How do you get the nut without disturbing the {@creature Boontu Monkey|AWM|grumpy monkeys}?",
										"What does {@creature Saleeth the Couatl|AWM|Saleeth} want for her feather?",
										"What does Doonwaggle's contraption do once it's built?"
									]
								}
							],
							"id": "01f"
						},
						{
							"type": "entries",
							"name": "The Big Water Slurpent",
							"page": 28,
							"entries": [
								"The Big Water is a place that few goblins go. The elders say that a great wizard's tower once stood on an island in the middle of the Big Water. The wizard created a giant monster to swim around the island to guard all the treasures in the tower. Legend has it that one day, long ago, the wizard cast a forbidden spell and the whole tower sunk into the lake, all of its treasures going with it.",
								"The Big Water is a strange and magical place where few ever go, but Lord Fishbone says that if someone could swim underwater and get into the tower, they could see if there's treasure there.",
								{
									"type": "list",
									"page": 28,
									"name": "Questions to ask:",
									"items": [
										"How far down under the water is the tower?",
										"What are some rumors about what the treasure within the tower is?",
										"How do you get by the {@creature Big Water Slurpent|AWM}? Does it like to eat goblins? Can you shrink it by using magic?",
										"Is there a magical potion made of forest plants that can allow Muk and his pals to breathe underwater?"
									]
								}
							],
							"id": "020"
						},
						{
							"type": "entries",
							"name": "Dealing with Dummy Goblins",
							"page": 28,
							"entries": [
								"The {@creature Dum-Dum Goblin|AWM|Dum-Dum tribe of goblins} lives far enough away that they don't cause too much trouble, but just this morning, Wam discovered that some Dum-Dums had snuck into camp and stole Rikruk's favorite toy\u2014a two-headed snake rattle. She knows it was them because Wam is an expert tracker and she discovered their footprints.",
								"The Dum-Dums aren't all bad and maybe there's a good reason why they took the rattle. It's going to be hard to figure out how to get it back without a fight breaking out.",
								{
									"type": "list",
									"page": 28,
									"name": "Questions to ask:",
									"items": [
										"Why did the Dum-Dums take the rattle?",
										"Is the rattle magical?",
										"Where is the rattle hidden?",
										"How can Muk get the rattle without starting a fight?"
									]
								}
							],
							"id": "021"
						},
						{
							"type": "entries",
							"name": "The Dwarf King",
							"page": 29,
							"entries": [
								"Just as you get to the Snowy Hills, there's a cave that many goblins are told about when they are wee goblets. This cave is called the Giant's Cave as it is rumored to be the home to a {@creature Hill Giant, Blorbo|AWM|very grumpy hill giant}. Hill giants have been known to eat goblins who stray too far from Gob-Town, so only foolish goblins go to Giant's Cave.",
								"But there's another rumor that says long ago a dwarf king went in there to look for a legendary gemstone known as the Eagle's Eye. He never returned from his quest. Goblins have seen dwarves looking for their king, but they have never looked in Giant's Cave, and the goblins are scared of dwarves so no one has told them about their king.",
								"But now Muk has found a {@creature dwarf|AWM} weeping in the Dankwood, she's the king's daughter and she misses her dad. Can Muk and his friends brave the hill giant and maybe find the dwarf king?",
								{
									"type": "list",
									"page": 29,
									"name": "Questions to ask:",
									"items": [
										"How does Muk get past the grumpy hill giant?",
										"Did the Eagle's Eye put the dwarf king into a magical slumber?",
										"Does saving the king make dwarves and goblins friends?"
									]
								}
							],
							"id": "022"
						}
					],
					"id": "01a"
				},
				{
					"type": "section",
					"name": "Monsters",
					"page": 29,
					"entries": [
						"The following monsters have been simplified/modified to be used in Muk's Adventures. The following stat blocks are for your reference. Feel free to adjust or add in whatever you'd like to customize it to your story.",
						{
							"type": "image",
							"href": {
								"type": "internal",
								"path": "book/AWM/00032.webp"
							},
							"credit": "Emi Tanji",
							"expectsLightBackground": true,
							"width": 1277,
							"height": 1315
						},
						{
							"type": "statblock",
							"tag": "creature",
							"source": "AWM",
							"name": "Big Water Slurpent",
							"page": 29,
							"style": "narrow"
						},
						{
							"type": "statblock",
							"name": "Big Water Slurpent",
							"prop": "monsterFluff",
							"source": "AWM",
							"page": 29,
							"data": {
								"renderCompact": {
									"isSkipRootName": true
								}
							}
						},
						{
							"type": "statblock",
							"tag": "creature",
							"source": "AWM",
							"name": "Birdsquirrel",
							"page": 30,
							"style": "narrow"
						},
						{
							"type": "statblock",
							"name": "Birdsquirrel",
							"prop": "monsterFluff",
							"source": "AWM",
							"page": 30,
							"data": {
								"renderCompact": {
									"isSkipRootName": true
								}
							}
						},
						{
							"type": "statblock",
							"tag": "creature",
							"source": "AWM",
							"name": "Boontu Monkey",
							"page": 30,
							"style": "narrow"
						},
						{
							"type": "statblock",
							"name": "Boontu Monkey",
							"prop": "monsterFluff",
							"source": "AWM",
							"page": 30,
							"data": {
								"renderCompact": {
									"isSkipRootName": true
								}
							}
						},
						{
							"type": "statblock",
							"tag": "creature",
							"source": "AWM",
							"name": "Crystal Cave Merfolk",
							"page": 31,
							"style": "narrow"
						},
						{
							"type": "statblock",
							"name": "Crystal Cave Merfolk",
							"prop": "monsterFluff",
							"source": "AWM",
							"page": 31,
							"data": {
								"renderCompact": {
									"isSkipRootName": true
								}
							}
						},
						{
							"type": "statblock",
							"tag": "creature",
							"source": "AWM",
							"name": "Dankwood Hag",
							"page": 31,
							"style": "narrow"
						},
						{
							"type": "statblock",
							"name": "Dankwood Hag",
							"prop": "monsterFluff",
							"source": "AWM",
							"page": 31,
							"data": {
								"renderCompact": {
									"isSkipRootName": true
								}
							}
						},
						{
							"type": "statblock",
							"tag": "creature",
							"source": "AWM",
							"name": "Dum-Dum Goblin",
							"page": 32,
							"style": "narrow"
						},
						{
							"type": "statblock",
							"name": "Dum-Dum Goblin",
							"prop": "monsterFluff",
							"source": "AWM",
							"page": 32,
							"data": {
								"renderCompact": {
									"isSkipRootName": true
								}
							}
						},
						{
							"type": "statblock",
							"tag": "creature",
							"source": "AWM",
							"name": "Dwarf",
							"page": 32,
							"style": "narrow"
						},
						{
							"type": "statblock",
							"name": "Dwarf",
							"prop": "monsterFluff",
							"source": "AWM",
							"page": 32,
							"data": {
								"renderCompact": {
									"isSkipRootName": true
								}
							}
						},
						{
							"type": "statblock",
							"tag": "creature",
							"source": "AWM",
							"name": "Great Kroom, Purple Worm",
							"page": 33,
							"style": "narrow"
						},
						{
							"type": "statblock",
							"name": "Great Kroom, Purple Worm",
							"prop": "monsterFluff",
							"source": "AWM",
							"page": 33,
							"data": {
								"renderCompact": {
									"isSkipRootName": true
								}
							}
						},
						{
							"type": "statblock",
							"tag": "creature",
							"source": "AWM",
							"name": "Hangry Otyugh",
							"page": 33,
							"style": "narrow"
						},
						{
							"type": "statblock",
							"name": "Hangry Otyugh",
							"prop": "monsterFluff",
							"source": "AWM",
							"page": 33,
							"data": {
								"renderCompact": {
									"isSkipRootName": true
								}
							}
						},
						{
							"type": "statblock",
							"tag": "creature",
							"source": "AWM",
							"name": "Hill Giant, Blorbo",
							"page": 34,
							"style": "narrow"
						},
						{
							"type": "statblock",
							"name": "Hill Giant, Blorbo",
							"prop": "monsterFluff",
							"source": "AWM",
							"page": 34,
							"data": {
								"renderCompact": {
									"isSkipRootName": true
								}
							}
						},
						{
							"type": "statblock",
							"tag": "creature",
							"source": "AWM",
							"name": "Saleeth the Couatl",
							"page": 34,
							"style": "narrow"
						},
						{
							"type": "statblock",
							"name": "Saleeth the Couatl",
							"prop": "monsterFluff",
							"source": "AWM",
							"page": 34,
							"data": {
								"renderCompact": {
									"isSkipRootName": true
								}
							}
						}
					],
					"id": "023"
				},
				{
					"type": "section",
					"name": "Dankwood Goblins",
					"page": 35,
					"entries": [
						{
							"type": "quote",
							"entries": [
								"Ahh the Dankwood goblins! I have adventured far and wide in my time and never have I met such unique and interesting goblins as these. Perhaps it is the magical nature of the Dankwood itself as this forest was once rumored to have been the ancient sanctum of a powerful Netherese wizard, but who is to say? This world is a wondrous one and everywhere you go, something new is there to dazzle and amaze!"
							],
							"by": "Guardian Leafy Skiptoes"
						},
						"Dankwood goblins are much like any other run-of-the-mill goblin but they are much more gentle and artistic than the savage and uncouth goblins of the world.",
						"They are inquisitive and have a magical bond with the small forest creatures with which they are often friends. They are fast and nimble and love to explore. Because of this they make great adventurers and guides.",
						{
							"type": "statblock",
							"tag": "race",
							"source": "AWM",
							"name": "Goblin (Dankwood)",
							"page": 35,
							"style": "narrow"
						}
					],
					"id": "024"
				},
				{
					"type": "section",
					"name": "Character Sheets",
					"page": 35,
					"entries": [
						{
							"type": "image",
							"href": {
								"type": "internal",
								"path": "book/AWM/00033.webp"
							},
							"title": "Adventure with Muk: Character Sheets",
							"credit": "Emi Tanji",
							"expectsLightBackground": true,
							"altText": "Adventure with Muk: Character Sheets",
							"width": 2175,
							"height": 2100
						},
						"Create your {@i own} Dankwood adventurer, or play as one of the goblin heroes!",
						{
							"type": "gallery",
							"images": [
								{
									"type": "image",
									"href": {
										"type": "internal",
										"path": "book/AWM/00005.webp"
									},
									"title": "{@5etoolsImg Blank Sheet|pdf/AWM/Blank_Sheet.pdf}",
									"credit": "Emi Tanji",
									"expectsLightBackground": true,
									"width": 2175,
									"height": 2925
								},
								{
									"type": "image",
									"href": {
										"type": "internal",
										"path": "book/AWM/00028.webp"
									},
									"title": "{@5etoolsImg Muk & Birdsquirrel (companion)|pdf/AWM/Muk.pdf}",
									"credit": "Emi Tanji",
									"expectsLightBackground": true,
									"width": 1450,
									"height": 1417
								},
								{
									"type": "image",
									"href": {
										"type": "internal",
										"path": "book/AWM/00031.webp"
									},
									"title": "{@5etoolsImg Wam & Rikruk|pdf/AWM/Wam_Rikruk.pdf}",
									"credit": "Emi Tanji",
									"expectsLightBackground": true,
									"width": 1446,
									"height": 2179
								},
								{
									"type": "image",
									"href": {
										"type": "internal",
										"path": "book/AWM/00029.webp"
									},
									"title": "{@5etoolsImg Ungo|pdf/AWM/Ungo.pdf}",
									"credit": "Emi Tanji",
									"expectsLightBackground": true,
									"width": 1846,
									"height": 2521
								},
								{
									"type": "image",
									"href": {
										"type": "internal",
										"path": "book/AWM/00030.webp"
									},
									"title": "{@5etoolsImg Lord Fishbone|pdf/AWM/Fishbone.pdf}",
									"credit": "Emi Tanji",
									"expectsLightBackground": true,
									"width": 1588,
									"height": 2042
								}
							]
						},
						{
							"type": "image",
							"href": {
								"type": "internal",
								"path": "book/AWM/00038.webp"
							},
							"credit": "Emi Tanji",
							"expectsLightBackground": true,
							"width": 2175,
							"height": 2925
						},
						{
							"type": "image",
							"href": {
								"type": "internal",
								"path": "book/AWM/00039.webp"
							},
							"title": "Be a Hero. Play D&D. For Kids.",
							"credit": "Emi Tanji",
							"expectsLightBackground": true,
							"width": 2175,
							"height": 2925
						},
						{
							"type": "inset",
							"page": 44,
							"style": "text-center",
							"entries": [
								"Obstacles and foes don't stand a chance, if we stand and work together.",
								{
									"type": "entries",
									"name": "Thank you",
									"page": 44,
									"entries": [
										{
											"type": "quote",
											"entries": [
												"to everyone who has supported, encouraged and joined me on this adventure. A very special thank you to Adam Lee, D&D's world architect, who has a talent for finding the good in all things and lighting the way for others.",
												"We can accomplish so much together and I am grateful to see the kindness, laughter and support that is cultivated by the Dungeons & Dragons community. Let's be kind, let's do good and let's tell our stories together."
											],
											"by": "Emi"
										}
									],
									"id": "027"
								}
							],
							"id": "026"
						},
						{
							"type": "image",
							"href": {
								"type": "internal",
								"path": "book/AWM/00040.webp"
							},
							"credit": "Emi Tanji",
							"expectsLightBackground": true,
							"width": 663,
							"height": 508
						}
					],
					"id": "025"
				}
			],
			"id": "00d"
		}
	]
}
