{
	"data": [
		{
			"type": "section",
			"name": "Using This Book",
			"page": 4,
			"entries": [
				"The multiverse of Dungeons and Dragons brims with peril, and many of the greatest dangers are monsters. A companion to the {@book Monster Manual|MM}, this book collects monsters from many different planes of existence, each creature ready to imperil D&D heroes of different levels. The book also includes game statistics for nonplayer characters, who may assist or oppose the heroes, and an array of fantastical races for players to consider for their characters. The monsters and fantastical races in the following chapters are accompanied by the occasional comments of the mighty wizard Mordenkainen, one of the most learned mages of the D&D world of Greyhawk. The archmage Tasha, Mordenkainen's friendly rival, interjects as well. All together, the monsters, nonplayer characters, and fantastical races herein provide a host of new friends and foes to populate your D&D worlds.",
				{
					"type": "entries",
					"name": "What You'll Find Within",
					"page": 4,
					"entries": [
						{
							"type": "list",
							"style": "list-hang-notitle",
							"items": [
								{
									"type": "item",
									"name": "Chapter 1, \"Fantastical Races,\"",
									"entry": "presents over 30 race options for player characters, complementing the options in the {@book Player's Handbook|PHB} and other D&D books. These races debuted elsewhere and appear all together for the first time here, each of them revised to fit into the current state of the game."
								},
								{
									"type": "item",
									"name": "Chapter 2, \"Bestiary,\"",
									"entry": "contains over 250 monsters and NPCs, each one represented by a stat block and story text. When you're preparing to run an adventure as the DM, consider sprinkling these creatures into your games, mixing them with the monsters and NPCs from the {@book Monster Manual|MM}. The creatures in this chapter fit seamlessly with the ones you use from other D&D books."
								},
								{
									"type": "item",
									"name": "Appendix, \"Monster Lists,\"",
									"entry": "makes it easy for you to find the right stat blocks for your adventures. This appendix lists the book's monsters and NPCs by creature type, challenge rating, and environment."
								}
							]
						}
					],
					"id": "001"
				}
			],
			"id": "000"
		},
		{
			"type": "section",
			"name": "Fantastical Races",
			"page": 5,
			"entries": [
				{
					"type": "image",
					"href": {
						"type": "internal",
						"path": "book/MPMM/01-001.ch1-splash.webp"
					},
					"width": 1700,
					"height": 1467,
					"credit": "Zuzanna Wužyk"
				},
				"Gathering together fantastical races from throughout the D&D multiverse, this chapter offers the following races for player characters, supplementing the race options in the {@book Player's Handbook|PHB}:",
				{
					"type": "list",
					"columns": 4,
					"items": [
						"{@race Aarakocra|MPMM}",
						"{@race Aasimar|MPMM}",
						"{@race Bugbear|MPMM}",
						"{@race Centaur|MPMM}",
						"{@race Changeling|MPMM}",
						"{@race Deep Gnome|MPMM}",
						"{@race Duergar|MPMM}",
						"{@race Eladrin|MPMM}",
						"{@race Fairy|MPMM}",
						"{@race Firbolg|MPMM}",
						"{@race Genasi (Air)|MPMM|Genasi, Air}",
						"{@race Genasi (Earth)|MPMM|Genasi, Earth}",
						"{@race Genasi (Fire)|MPMM|Genasi, Fire}",
						"{@race Genasi (Water)|MPMM|Genasi, Water}",
						"{@race Githyanki|MPMM}",
						"{@race Githzerai|MPMM}",
						"{@race Goblin|MPMM}",
						"{@race Goliath|MPMM}",
						"{@race Harengon|MPMM}",
						"{@race Hobgoblin|MPMM}",
						"{@race Kenku|MPMM}",
						"{@race Kobold|MPMM}",
						"{@race Lizardfolk|MPMM}",
						"{@race Minotaur|MPMM}",
						"{@race Orc|MPMM}",
						"{@race Satyr|MPMM}",
						"{@race Sea Elf|MPMM}",
						"{@race Shadar-kai|MPMM}",
						"{@race Shifter|MPMM}",
						"{@race Tabaxi|MPMM}",
						"{@race Tortle|MPMM}",
						"{@race Triton|MPMM}",
						"{@race Yuan-ti|MPMM}"
					]
				},
				"Many of these races are based on creatures that appear in the {@book Monster Manual|MM} or the bestiary of this book. Consult with your DM to see whether an option here is appropriate for your campaign. If you do use a race in this chapter, first read the \"Creating Your Character\" section below.",
				{
					"type": "section",
					"name": "Creating Your Character",
					"page": 5,
					"entries": [
						"At 1st level, you choose whether your character is a member of the human race or of a fantastical race. If you select a fantastical race in this chapter, follow these additional rules during character creation.",
						{
							"type": "entries",
							"name": "Ability Score Increases",
							"page": 5,
							"entries": [
								"When determining your character's ability scores, increase one score by 2 and increase a different score by 1, or increase three different scores by 1. Follow this rule regardless of the method you use to determine the scores, such as rolling or point buy. The \"Quick Build\" section for your character's class offers suggestions on which scores to increase. You can follow those suggestions or ignore them, but you can't raise any of your scores above 20."
							],
							"id": "003"
						},
						{
							"type": "entries",
							"name": "Languages",
							"page": 5,
							"entries": [
								"Your character can speak, read, and write Common and one other language that you and your DM agree is appropriate for the character. The Player's Handbook offers a list of languages to choose from. The DM is free to modify that list for a campaign."
							],
							"id": "004"
						},
						{
							"type": "entries",
							"name": "Creature Type",
							"page": 6,
							"entries": [
								"Every creature in D&D, including each player character, has a special tag in the rules that identifies the type of creature they are. Most player characters are of the Humanoid type. A race in this chapter tells you what your character's creature type is. Here's a list of the game's creature types in alphabetical order: Aberration, Beast, Celestial, Construct, Dragon, Elemental, Fey, Fiend, Giant, Humanoid, Monstrosity, Ooze, Plant, Undead. These types don't have rules themselves, but some rules in the game affect creatures of certain types in different ways. For example, the {@spell cure wounds} spell doesn't work on a Construct or an Undead."
							],
							"id": "005"
						},
						{
							"type": "entries",
							"name": "Life Span",
							"page": 6,
							"entries": [
								"The typical life span of a player character in the D&D multiverse is about a century, assuming the character doesn't meet a violent end on an adventure. Members of some races, such as dwarves and elves, can live for centuries. If typical members of a race in this book can live longer than a century, that fact is mentioned in the race's description."
							],
							"id": "006"
						},
						{
							"type": "entries",
							"name": "Height and Weight",
							"page": 6,
							"entries": [
								"Player characters, regardless of race, typically fall into the same ranges of height and weight that humans have in our world. If you'd like to determine your character's height or weight randomly, consult the Random Height and Weight table in the Player's Handbook, and choose the row in the table that best represents the build you imagine for your character."
							],
							"id": "007"
						}
					],
					"id": "00a"
				}
			],
			"id": "002"
		},
		{
			"type": "section",
			"name": "Bestiary",
			"page": 37,
			"entries": [
				{
					"type": "image",
					"href": {
						"type": "internal",
						"path": "book/MPMM/02-001.ch2-splash.webp"
					},
					"width": 1700,
					"height": 1467,
					"credit": "Tom Babbey"
				},
				"This bestiary provides game statistics and lore for more than 250 monsters, which are suitable for any D&D campaign. The chapter includes old favorites from past editions of the game as well as creatures created for the current edition.",
				"This chapter is a companion to the {@book Monster Manual|MM} and adopts a similar presentation. If you are unfamiliar with the monster stat block format, read the introduction of the {@book Monster Manual|MM} before proceeding further. It explains stat block terminology and gives rules for various monster traits\u2014information that isn't repeated here.",
				"The creatures in this bestiary are organized alphabetically. A few are gathered under a group heading; for example, the \"Dinosaurs\" section contains stat blocks for various dinosaurs.",
				"Herein you will find some weapons that deal unusual damage types and spellcasting that functions in atypical ways. Such an exception is a special feature of a monster and represents how it uses the weapon or casts its spells; the exception has no affect on how a weapon or a spell functions for someone else.",
				"Finally, if a stat block contains the name of a class in the monster's name or in parentheses under the name, the monster is considered a member of that class for the purpose of meeting prerequisites for magic items.",
				{
					"type": "quote",
					"entries": [
						"My friend Mordenkainen constantly fights monsters and makes notes about them. I love notes as much as the next wizard, but fighting gets old. Why not sit down and have a drink with the monster? I've learned the most delicious secrets from my monstrous drinking companions. The other monsters? I disintegrated them."
					],
					"by": "Tasha"
				},
				{
					"type": "list",
					"style": "list-no-bullets",
					"columns": 4,
					"items": [
						"{@creature Black Abishai|MPMM}",
						"{@creature Blue Abishai|MPMM}",
						"{@creature Green Abishai|MPMM}",
						"{@creature Red Abishai|MPMM}",
						"{@creature White Abishai|MPMM}",
						"{@creature Alhoon|MPMM}",
						"{@creature Alkilith|MPMM}",
						"{@creature Allip|MPMM}",
						"{@creature Amnizu|MPMM}",
						"{@creature Annis Hag|MPMM}",
						"{@creature Archdruid|MPMM}",
						"{@creature Archer|MPMM}",
						"{@creature Armanite|MPMM}",
						"{@creature Astral Dreadnought|MPMM}",
						"{@creature Babau|MPMM}",
						"{@creature Bael|MPMM}",
						"{@creature Balhannoth|MPMM}",
						"{@creature Banderhobb|MPMM}",
						"{@creature Baphomet|MPMM}",
						"{@creature Bard|MPMM}",
						"{@creature Barghest|MPMM}",
						"{@creature Berbalang|MPMM}",
						"{@creature Bheur Hag|MPMM}",
						"{@creature Blackguard|MPMM}",
						"{@creature Bodak|MPMM}",
						"{@creature Boggle|MPMM}",
						"{@creature Boneclaw|MPMM}",
						"{@creature Bulezau|MPMM}",
						"{@creature Cadaver Collector|MPMM}",
						"{@creature Canoloth|MPMM}",
						"{@creature Catoblepas|MPMM}",
						"{@creature Aurochs|MPMM}",
						"{@creature Deep Rothé|MPMM}",
						"{@creature Ox|MPMM}",
						"{@creature Stench Kow|MPMM}",
						"{@creature Cave Fisher|MPMM}",
						"{@creature Champion|MPMM}",
						"{@creature Chitine|MPMM}",
						"{@creature Choker|MPMM}",
						"{@creature Choldrith|MPMM}",
						"{@creature Clockwork Bronze Scout|MPMM}",
						"{@creature Clockwork Iron Cobra|MPMM}",
						"{@creature Clockwork Oaken Bolter|MPMM}",
						"{@creature Clockwork Stone Defender|MPMM}",
						"{@creature Cloud Giant Smiling One|MPMM}",
						"{@creature Corpse Flower|MPMM}",
						"{@creature Cranium Rat|MPMM}",
						"{@creature Swarm of Cranium Rats|MPMM}",
						"{@creature Darkling|MPMM}",
						"{@creature Darkling Elder|MPMM}",
						"{@creature Death Kiss|MPMM}",
						"{@creature Deathlock|MPMM}",
						"{@creature Deathlock Mastermind|MPMM}",
						"{@creature Deathlock Wight|MPMM}",
						"{@creature Deep Scion|MPMM}",
						"{@creature Demogorgon|MPMM}",
						"{@creature Derro|MPMM}",
						"{@creature Derro Savant|MPMM}",
						"{@creature Devourer|MPMM}",
						"{@creature Dhergoloth|MPMM}",
						"{@creature Brontosaurus|MPMM}",
						"{@creature Deinonychus|MPMM}",
						"{@creature Dimetrodon|MPMM}",
						"{@creature Hadrosaurus|MPMM}",
						"{@creature Quetzalcoatlus|MPMM}",
						"{@creature Stegosaurus|MPMM}",
						"{@creature Velociraptor|MPMM}",
						"{@creature Dolphin|MPMM}",
						"{@creature Dolphin Delighter|MPMM}",
						"{@creature Draegloth|MPMM}",
						"{@creature Drow Arachnomancer|MPMM}",
						"{@creature Drow Favored Consort|MPMM}",
						"{@creature Drow House Captain|MPMM}",
						"{@creature Drow Inquisitor|MPMM}",
						"{@creature Drow Matron Mother|MPMM}",
						"{@creature Drow Shadowblade|MPMM}",
						"{@creature Duergar Despot|MPMM}",
						"{@creature Duergar Kavalrachni|MPMM}",
						"{@creature Duergar Mind Master|MPMM}",
						"{@creature Duergar Soulblade|MPMM}",
						"{@creature Duergar Stone Guard|MPMM}",
						"{@creature Duergar Screamer|MPMM}",
						"{@creature Duergar Warlord|MPMM}",
						"{@creature Duergar Xarrorn|MPMM}",
						"{@creature Duergar Hammerer|MPMM}",
						"{@creature Dybbuk|MPMM}",
						"{@creature Eidolon|MPMM}",
						"{@creature Sacred Statue|MPMM}",
						"{@creature Autumn Eladrin|MPMM}",
						"{@creature Spring Eladrin|MPMM}",
						"{@creature Summer Eladrin|MPMM}",
						"{@creature Winter Eladrin|MPMM}",
						"{@creature Elder Brain|MPMM}",
						"{@creature Elder Tempest|MPMM}",
						"{@creature Air Elemental Myrmidon|MPMM}",
						"{@creature Earth Elemental Myrmidon|MPMM}",
						"{@creature Fire Elemental Myrmidon|MPMM}",
						"{@creature Water Elemental Myrmidon|MPMM}",
						"{@creature Fire Giant Dreadnought|MPMM}",
						"{@creature Firenewt Warlock of Imix|MPMM}",
						"{@creature Firenewt Warrior|MPMM}",
						"{@creature Flail Snail|MPMM}",
						"{@creature Flind|MPMM}",
						"{@creature Fraz-Urb'luu|MPMM}",
						"{@creature Froghemoth|MPMM}",
						"{@creature Frost Giant Everlasting One|MPMM}",
						"{@creature Frost Salamander|MPMM}",
						"{@creature Gauth|MPMM}",
						"{@creature Gazer|MPMM}",
						"{@creature Geryon|MPMM}",
						"{@creature Giant Strider|MPMM}",
						"{@creature Giff|MPMM}",
						"{@creature Girallon|MPMM}",
						"{@creature Githyanki Gish|MPMM}",
						"{@creature Githyanki Kith'rak|MPMM}",
						"{@creature Githyanki Supreme Commander|MPMM}",
						"{@creature Githzerai Anarch|MPMM}",
						"{@creature Githzerai Enlightened|MPMM}",
						"{@creature Gnoll Flesh Gnawer|MPMM}",
						"{@creature Gnoll Hunter|MPMM}",
						"{@creature Gnoll Witherling|MPMM}",
						"{@creature Gray Render|MPMM}",
						"{@creature Graz'zt|MPMM}",
						"{@creature Grung|MPMM}",
						"{@creature Grung Elite Warrior|MPMM}",
						"{@creature Grung Wildling|MPMM}",
						"{@creature Guard Drake|MPMM}",
						"{@creature Hellfire Engine|MPMM}",
						"{@creature Hobgoblin Devastator|MPMM}",
						"{@creature Hobgoblin Iron Shadow|MPMM}",
						"{@creature Howler|MPMM}",
						"{@creature Hutijin|MPMM}",
						"{@creature Hydroloth|MPMM}",
						"{@creature Juiblex|MPMM}",
						"{@creature Ki-rin|MPMM}",
						"{@creature Kobold Dragonshield|MPMM}",
						"{@creature Kobold Inventor|MPMM}",
						"{@creature Kobold Scale Sorcerer|MPMM}",
						"{@creature Korred|MPMM}",
						"{@creature Kraken Priest|MPMM}",
						"{@creature Young Kruthik|MPMM}",
						"{@creature Adult Kruthik|MPMM}",
						"{@creature Kruthik Hive Lord|MPMM}",
						"{@creature Leucrotta|MPMM}",
						"{@creature Leviathan|MPMM}",
						"{@creature Martial Arts Adept|MPMM}",
						"{@creature Marut|MPMM}",
						"{@creature Master Thief|MPMM}",
						"{@creature Maurezhi|MPMM}",
						"{@creature Maw Demon|MPMM}",
						"{@creature Meazel|MPMM}",
						"{@creature Meenlock|MPMM}",
						"{@creature Merregon|MPMM}",
						"{@creature Merrenoloth|MPMM}",
						"{@creature Mindwitness|MPMM}",
						"{@creature Moloch|MPMM}",
						"{@creature Molydeus|MPMM}",
						"{@creature Morkoth|MPMM}",
						"{@creature Mouth of Grolantor|MPMM}",
						"{@creature Nabassu|MPMM}",
						"{@creature Nagpa|MPMM}",
						"{@creature Narzugon|MPMM}",
						"{@creature Neogi Hatchling|MPMM}",
						"{@creature Neogi|MPMM}",
						"{@creature Neogi Master|MPMM}",
						"{@creature Neothelid|MPMM}",
						"{@creature Nightwalker|MPMM}",
						"{@creature Nilbog|MPMM}",
						"{@creature Nupperibo|MPMM}",
						"{@creature Oblex Spawn|MPMM}",
						"{@creature Adult Oblex|MPMM}",
						"{@creature Elder Oblex|MPMM}",
						"{@creature Ogre Battering Ram|MPMM}",
						"{@creature Ogre Bolt Launcher|MPMM}",
						"{@creature Ogre Chain Brute|MPMM}",
						"{@creature Ogre Howdah|MPMM}",
						"{@creature Oinoloth|MPMM}",
						"{@creature Orcus|MPMM}",
						"{@creature Orthon|MPMM}",
						"{@creature Phoenix|MPMM}",
						"{@creature Quickling|MPMM}",
						"{@creature Redcap|MPMM}",
						"{@creature Retriever|MPMM}",
						"{@creature Rutterkin|MPMM}",
						"{@creature Sea Spawn|MPMM}",
						"{@creature Shadar-kai Gloom Weaver|MPMM}",
						"{@creature Shadar-kai Shadow Dancer|MPMM}",
						"{@creature Shadar-kai Soul Monger|MPMM}",
						"{@creature Shadow Mastiff|MPMM}",
						"{@creature Shadow Mastiff Alpha|MPMM}",
						"{@creature Shoosuva|MPMM}",
						"{@creature Sibriex|MPMM}",
						"{@creature Skulk|MPMM}",
						"{@creature Skull Lord|MPMM}",
						"{@creature Slithering Tracker|MPMM}",
						"{@creature Angry Sorrowsworn|MPMM}",
						"{@creature Hungry Sorrowsworn|MPMM}",
						"{@creature Lonely Sorrowsworn|MPMM}",
						"{@creature Lost Sorrowsworn|MPMM}",
						"{@creature Wretched Sorrowsworn|MPMM}",
						"{@creature Spawn of Kyuss|MPMM}",
						"{@creature Star Spawn Grue|MPMM}",
						"{@creature Star Spawn Hulk|MPMM}",
						"{@creature Star Spawn Larva Mage|MPMM}",
						"{@creature Star Spawn Mangler|MPMM}",
						"{@creature Star Spawn Seer|MPMM}",
						"{@creature Female Steeder|MPMM}",
						"{@creature Male Steeder|MPMM}",
						"{@creature Steel Predator|MPMM}",
						"{@creature Stone Cursed|MPMM}",
						"{@creature Stone Giant Dreamwalker|MPMM}",
						"{@creature Storm Giant Quintessent|MPMM}",
						"{@creature Swarm of Rot Grubs|MPMM}",
						"{@creature Swashbuckler|MPMM}",
						"{@creature Sword Wraith Commander|MPMM}",
						"{@creature Sword Wraith Warrior|MPMM}",
						"{@creature Tanarukk|MPMM}",
						"{@creature Titivilus|MPMM}",
						"{@creature Tlincalli|MPMM}",
						"{@creature Tortle|MPMM}",
						"{@creature Tortle Druid|MPMM}",
						"{@creature Trapper|MPMM}",
						"{@creature Dire Troll|MPMM}",
						"{@creature Rot Troll|MPMM}",
						"{@creature Spirit Troll|MPMM}",
						"{@creature Venom Troll|MPMM}",
						"{@creature Ulitharid|MPMM}",
						"{@creature Vampiric Mist|MPMM}",
						"{@creature Vargouille|MPMM}",
						"{@creature Vegepygmy|MPMM}",
						"{@creature Thorny Vegepygmy|MPMM}",
						"{@creature Vegepygmy Chief|MPMM}",
						"{@creature War Priest|MPMM}",
						"{@creature Warlock of the Archfey|MPMM}",
						"{@creature Warlock of the Fiend|MPMM}",
						"{@creature Warlock of the Great Old One|MPMM}",
						"{@creature Warlord|MPMM}",
						"{@creature Wastrilith|MPMM}",
						"{@creature Apprentice Wizard|MPMM}",
						"{@creature Abjurer Wizard|MPMM}",
						"{@creature Conjurer Wizard|MPMM}",
						"{@creature Diviner Wizard|MPMM}",
						"{@creature Enchanter Wizard|MPMM}",
						"{@creature Evoker Wizard|MPMM}",
						"{@creature Illusionist Wizard|MPMM}",
						"{@creature Necromancer Wizard|MPMM}",
						"{@creature Transmuter Wizard|MPMM}",
						"{@creature Wood Woad|MPMM}",
						"{@creature Xvart|MPMM}",
						"{@creature Xvart Warlock of Raxivort|MPMM}",
						"{@creature Yagnoloth|MPMM}",
						"{@creature Yeenoghu|MPMM}",
						"{@creature Yeth Hound|MPMM}",
						"{@creature Yuan-ti Anathema|MPMM}",
						"{@creature Yuan-ti Broodguard|MPMM}",
						"{@creature Yuan-ti Mind Whisperer|MPMM}",
						"{@creature Yuan-ti Nightmare Speaker|MPMM}",
						"{@creature Yuan-ti Pit Master|MPMM}",
						"{@creature Zaratan|MPMM}",
						"{@creature Zariel|MPMM}",
						"{@creature Zuggtmoy|MPMM}"
					]
				}
			],
			"id": "008"
		},
		{
			"type": "section",
			"name": "Maps",
			"entries": [
				{
					"type": "gallery",
					"images": [
						{
							"type": "image",
							"href": {
								"type": "internal",
								"path": "book/MPMM/Mind Flayer Colony.webp"
							},
							"title": "Mind Flayer Colony",
							"imageType": "map",
							"credit": "{@link Jared Blando|https://jaredblando.com/}",
							"width": 3200,
							"height": 4400,
							"grid": {
								"type": "none",
								"size": 810,
								"distance": 50
							},
							"id": "00B"
						},
						{
							"type": "image",
							"href": {
								"type": "internal",
								"path": "book/MPMM/Mind Flayer Colony.webp"
							},
							"title": "Player Version",
							"imageType": "mapPlayer",
							"credit": "{@link Jared Blando|https://jaredblando.com/}",
							"width": 3200,
							"height": 4400,
							"grid": {
								"type": "none",
								"size": 810,
								"distance": 50
							},
							"mapParent": {
								"id": "00B"
							}
						}
					]
				},
				{
					"type": "gallery",
					"images": [
						{
							"type": "image",
							"href": {
								"type": "internal",
								"path": "book/MPMM/Yuan-ti Temple.webp"
							},
							"title": "Yuan-ti Temple",
							"imageType": "map",
							"credit": "{@link Jared Blando|https://jaredblando.com/}",
							"width": 3200,
							"height": 4400,
							"id": "00C",
							"grid": {
								"type": "square",
								"size": 190,
								"offsetX": -158,
								"offsetY": -116,
								"scale": 6
							}
						},
						{
							"type": "image",
							"href": {
								"type": "internal",
								"path": "book/MPMM/Yuan-ti Temple (Player Version).webp"
							},
							"title": "Player Version",
							"imageType": "mapPlayer",
							"credit": "{@link Jared Blando|https://jaredblando.com/}",
							"width": 3200,
							"height": 4400,
							"mapParent": {
								"id": "00C"
							},
							"grid": {
								"type": "square",
								"size": 190,
								"offsetX": -158,
								"offsetY": -116,
								"scale": 6
							}
						}
					]
				}
			],
			"id": "009"
		},
		{
			"type": "section",
			"name": "Credits",
			"entries": [
				{
					"type": "entries",
					"entries": [
						{
							"type": "list",
							"style": "list-hang-notitle",
							"columns": 2,
							"items": [
								{
									"type": "list",
									"style": "list-hang-notitle",
									"items": [
										{
											"type": "item",
											"name": "Lead Designer",
											"entries": [
												"Jeremy Crawford"
											]
										},
										{
											"type": "item",
											"name": "Art Directors",
											"entries": [
												"Emi Tanji, Kate Irwin"
											]
										},
										{
											"type": "item",
											"name": "Original Design",
											"entries": [
												"Jeremy Crawford, Adam Lee, Mike Mearls, Christopher Perkins, Ben Petrisor, Sean K Reynolds, Robert J. Schwalb, Matt Sernett, Chris Sims, Nolan Whale, Steve Winter"
											]
										},
										{
											"type": "item",
											"name": "Revision Design",
											"entries": [
												"Sydney Adams, Judy Bauer, Jeremy Crawford, Makenzie De Armas, Dan Dillon, Ari Levitch, Ben Petrisor, Taymoor Rehman"
											]
										},
										{
											"type": "item",
											"name": "Editing",
											"entries": [
												"Judy Bauer, Michele Carter, Kim Mohan, Christopher Perkins"
											]
										},
										{
											"type": "item",
											"name": "Graphic Designers",
											"entries": [
												"Trystan Falcone, Emi Tanji"
											]
										},
										{
											"type": "item",
											"name": "Cover Illustrator",
											"entries": [
												"Grzegorz Rutkowski"
											]
										},
										{
											"type": "item",
											"name": "Interior Illustrators",
											"entries": [
												"Dave Allsop, Tom Babbey, John-Paul Balmet, Thomas M. Baxa, Mark Behm, Eric Belisle, Michael Berube, Mike Bierek, Jared Blando, Zoltan Boros, Christopher Bradley, Alix Branwyn, Aleksi Briclot, IP Dmitry Burmak, Filip Burburan, Christopher Burdett, Sidharth Chaturvedi, Jedd Chevrier, Conceptopolis, Daarken, Nikki Dawes, Eric Deschamps, Simon Dominic, Dave Dorman, Nicholas Elias, Wayne England, Jason Felix, Justin Gerard, Justyna Gil, Lars Grant-West, Jon Hodgson, Ralph Horsley, Tyler Jacobson, Mike Jordana, Vance Kelly, Julian Kok, Michael Komarck, Daniel Landerman, Olly Lawson, Daniel Ljunggren, Valera Lutfullina, Warren Mahy, Lorenzo Mastroianni, Brynn Metheney, Aaron Miller, Francisco Miyara, Caio Monteiro, Scott Murphy, Marta Nael, Marco Nelor, Jim Nelson, Adam Paquette, PINDURSKI, Claudio Pozas, April Prime, Grzegorz Rutkowski, Marc Sasso, Chris Seaman, Ilya Shkipin, Rudy Siswanto, David Sladek, Craig J Spearing, Bryan Sola, Zack Stella, Sarah Stone, Philip Straub, Arnie Swekel, Thom Tenery, David A. Trampier, Cory Trego-Erdner, Beth Trott, Brian Valeza, Randy Vargas, Franz Vohwinkel, Anthony S. Waters, Campbell White, Richard Whitters, Eva Widermann, Sam Wood, Shawn Wood, Ben Wootten, Zuzanna Wužyk, Min Yum"
											]
										},
										{
											"type": "item",
											"name": "Project Engineer",
											"entries": [
												"Cynda Callaway"
											]
										},
										{
											"type": "item",
											"name": "Imaging Technician",
											"entries": [
												"Kevin Yee"
											]
										},
										{
											"type": "item",
											"name": "Prepress Specialist",
											"entries": [
												"Jefferson Dunlap"
											]
										}
									]
								},
								{
									"type": "entries",
									"name": "D&D Studio",
									"entries": [
										{
											"type": "list",
											"style": "list-hang-notitle",
											"items": [
												{
													"type": "item",
													"name": "Executive Producer",
													"entries": [
														"Ray Winninger"
													]
												},
												{
													"type": "item",
													"name": "Principal Designers",
													"entries": [
														"Jeremy Crawford, Christopher Perkins"
													]
												},
												{
													"type": "item",
													"name": "Design Manager",
													"entries": [
														"Steve Scott"
													]
												},
												{
													"type": "item",
													"name": "Design Department",
													"entries": [
														"Sydney Adams, Judy Bauer, Makenzie De Armas, Dan Dillon, Amanda Hamon, Ari Levitch, Ben Petrisor, Taymoor Rehman, F. Wesley Schneider, James Wyatt"
													]
												},
												{
													"type": "item",
													"name": "Senior Art Director",
													"entries": [
														"Richard Whitters"
													]
												},
												{
													"type": "item",
													"name": "Art Department",
													"entries": [
														"Trystan Falcone, Kate Irwin, Emi Tanji, Shawn Wood, Trish Yochum"
													]
												},
												{
													"type": "item",
													"name": "Senior Producer",
													"entries": [
														"Dan Tovar"
													]
												},
												{
													"type": "item",
													"name": "Producers",
													"entries": [
														"Bill Benham, Robert Hawkey, Lea Heleotis"
													]
												},
												{
													"type": "item",
													"name": "Director of Product Management",
													"entries": [
														"Liz Schuh"
													]
												},
												{
													"type": "item",
													"name": "Product Managers",
													"entries": [
														"Natalie Egan, Chris Lindsay, Hilary Ross"
													]
												}
											]
										}
									],
									"id": "00d"
								},
								{
									"type": "entries",
									"name": "D&D Marketing",
									"entries": [
										{
											"type": "list",
											"style": "list-hang-notitle",
											"items": [
												{
													"type": "item",
													"name": "Director of Global Brand Marketing",
													"entries": [
														"Brian Perry"
													]
												},
												{
													"type": "item",
													"name": "Global Brand Manager",
													"entries": [
														"Shelly Mazzanoble"
													]
												},
												{
													"type": "item",
													"name": "Senior Marketing Communications Manager",
													"entries": [
														"Greg Tito"
													]
												},
												{
													"type": "item",
													"name": "Community Manager",
													"entries": [
														"Brandy Camel"
													]
												}
											]
										}
									],
									"id": "00e"
								},
								{
									"type": "entries",
									"name": "D&D Beyond",
									"entries": [
										{
											"type": "list",
											"style": "list-hang-notitle",
											"items": [
												{
													"type": "item",
													"name": "Digital Design Manager",
													"entries": [
														"Faith Elisabeth Lilley"
													]
												},
												{
													"type": "item",
													"name": "Digital Design Team",
													"entries": [
														"Jay Jani, Adam Walton"
													]
												}
											]
										}
									],
									"id": "00f"
								}
							]
						}
					],
					"id": "00c"
				},
				{
					"type": "image",
					"href": {
						"type": "internal",
						"path": "book/MPMM/credits.webp"
					},
					"width": 738,
					"height": 850
				},
				"This book is a revision of content that originally appeared in the books {@book Volo's Guide to Monsters|VGM} (2016) and {@book Mordenkainen's Tome of Foes|MTF} (2018). It also includes revised options from {@adventure Princes of the Apocalypse|PotA} (2015), {@book Eberron: Rising from the Last War|ERLW} (2019), and {@book Mythic Odysseys of Theros|MOT} (2020).",
				{
					"type": "gallery",
					"images": [
						{
							"type": "image",
							"href": {
								"type": "internal",
								"path": "book/MPMM/credits1.webp"
							},
							"title": "On the Cover: The wizard Mordenkainen soars through the Astral Plane astride a ki-rin\u2014unaware of the astral dreadnought slinking toward them\u2014in this painting by Grzegorz Rutkowski.",
							"width": 1042,
							"height": 795
						}
					]
				},
				{
					"type": "entries",
					"entries": [
						"{@note Disclaimer: We asked the wizard Mordenkainen to write a humorous disclaimer for this book. We received this response: \"The day I start writing frivolous disclaimers for game manuals is the day I retire from wizardry and abandon all self-respect.\" Mordenkainen's rival wizard Tasha apparently intercepted our request and sent us this note: \"Mordenkainen lost his sense of humor somewhere between the City of Greyhawk and the Astral Plane. Keep your chins up, my dearest ones. The multiverse is filled with horrors, many of which are detailed in this book. Marshal your laughter and a few good spells. If we're going to be devoured, better to face the darkness with a smile.\"}"
					],
					"id": "010"
				}
			],
			"id": "00b"
		}
	]
}
