{"x":[{"id":0,"c":2,"u":"antagonize_bmt","p":50,"s":0,"h":1,"lvl":3,"n":"Antagonize"},{"id":1,"c":2,"u":"spirit%20of%20death_bmt","p":50,"s":0,"h":1,"lvl":4,"n":"Spirit of Death"},{"id":2,"c":2,"u":"spray%20of%20cards_bmt","p":50,"s":0,"h":1,"lvl":2,"n":"Spray of Cards"},{"id":3,"c":2,"u":"alustriel's%20mooncloak_frhof","p":142,"s":1,"h":1,"lvl":5,"n":"Alustriel's Mooncloak"},{"id":4,"c":2,"u":"backlash_frhof","p":142,"s":1,"h":1,"lvl":4,"n":"Backlash"},{"id":5,"c":2,"u":"blade%20of%20disaster_frhof","p":143,"s":1,"h":1,"lvl":9,"n":"Blade of Disaster"},{"id":6,"c":2,"u":"cacophonic%20shield_frhof","p":143,"s":1,"h":1,"lvl":3,"n":"Cacophonic Shield"},{"id":7,"c":2,"u":"conjure%20constructs_frhof","p":143,"s":1,"h":1,"lvl":3,"n":"Conjure Constructs"},{"id":8,"c":2,"u":"death%20armor_frhof","p":143,"s":1,"h":1,"lvl":2,"n":"Death Armor"},{"id":9,"c":2,"u":"deryan's%20helpful%20homunculi_frhof","p":143,"s":1,"h":1,"lvl":2,"n":"Deryan's Helpful Homunculi"},{"id":10,"c":2,"u":"dirge_frhof","p":144,"s":1,"h":1,"lvl":6,"n":"Dirge"},{"id":11,"c":2,"u":"doomtide_frhof","p":144,"s":1,"h":1,"lvl":4,"n":"Doomtide"},{"id":12,"c":2,"u":"elminster's%20effulgent%20spheres_frhof","p":144,"s":1,"h":1,"lvl":6,"n":"Elminster's Effulgent Spheres"},{"id":13,"c":2,"u":"elminster's%20elusion_frhof","p":144,"s":1,"h":1,"lvl":2,"n":"Elminster's Elusion"},{"id":14,"c":2,"u":"holy%20star%20of%20mystra_frhof","p":145,"s":1,"h":1,"lvl":8,"n":"Holy Star of Mystra"},{"id":15,"c":2,"u":"laeral's%20silver%20lance_frhof","p":145,"s":1,"h":1,"lvl":3,"n":"Laeral's Silver Lance"},{"id":16,"c":2,"u":"simbul's%20synostodweomer_frhof","p":145,"s":1,"h":1,"lvl":7,"n":"Simbul's Synostodweomer"},{"id":17,"c":2,"u":"songal's%20elemental%20suffusion_frhof","p":145,"s":1,"h":1,"lvl":5,"n":"Songal's Elemental Suffusion"},{"id":18,"c":2,"u":"spellfire%20flare_frhof","p":146,"s":1,"h":1,"lvl":1,"n":"Spellfire Flare"},{"id":19,"c":2,"u":"spellfire%20storm_frhof","p":146,"s":1,"h":1,"lvl":4,"n":"Spellfire Storm"},{"id":20,"c":2,"u":"sylun%c3%a9's%20viper_frhof","p":147,"s":1,"h":1,"lvl":3,"n":"Sylune's Viper"},{"id":21,"c":2,"u":"wardaway_frhof","p":147,"s":1,"h":1,"lvl":1,"n":"Wardaway"},{"id":22,"c":2,"u":"ashardalon's%20stride_ftd","p":19,"s":2,"h":1,"lvl":3,"n":"Ashardalon's Stride"},{"id":23,"c":2,"u":"draconic%20transformation_ftd","p":19,"s":2,"h":1,"lvl":7,"n":"Draconic Transformation"},{"id":24,"c":2,"u":"fizban's%20platinum%20shield_ftd","p":20,"s":2,"h":1,"lvl":6,"n":"Fizban's Platinum Shield"},{"id":25,"c":2,"u":"nathair's%20mischief_ftd","p":20,"s":2,"h":1,"lvl":2,"n":"Nathair's Mischief"},{"id":26,"c":2,"u":"raulothim's%20psychic%20lance_ftd","p":21,"s":2,"h":1,"lvl":4,"n":"Raulothim's Psychic Lance"},{"id":27,"c":2,"u":"rime's%20binding%20ice_ftd","p":21,"s":2,"h":1,"lvl":2,"n":"Rime's Binding Ice"},{"id":28,"c":2,"u":"summon%20draconic%20spirit_ftd","p":21,"s":2,"h":1,"dR":1,"lvl":5,"n":"Summon Draconic Spirit"},{"id":29,"c":2,"u":"blade%20of%20disaster_tce","p":106,"s":3,"h":1,"dR":1,"lvl":9,"n":"Blade of Disaster"},{"id":30,"c":2,"u":"booming%20blade_tce","p":106,"s":3,"h":1,"lvl":0,"n":"Booming Blade"},{"id":31,"c":2,"u":"dream%20of%20the%20blue%20veil_tce","p":106,"s":3,"h":1,"lvl":7,"n":"Dream of the Blue Veil"},{"id":32,"c":2,"u":"green-flame%20blade_tce","p":107,"s":3,"h":1,"lvl":0,"n":"Green-Flame Blade"},{"id":33,"c":2,"u":"intellect%20fortress_tce","p":107,"s":3,"h":1,"lvl":3,"n":"Intellect Fortress"},{"id":34,"c":2,"u":"lightning%20lure_tce","p":107,"s":3,"h":1,"lvl":0,"n":"Lightning Lure"},{"id":35,"c":2,"u":"mind%20sliver_tce","p":108,"s":3,"h":1,"dR":1,"lvl":0,"n":"Mind Sliver"},{"id":36,"c":2,"u":"spirit%20shroud_tce","p":108,"s":3,"h":1,"lvl":3,"n":"Spirit Shroud"},{"id":37,"c":2,"u":"summon%20aberration_tce","p":109,"s":3,"h":1,"dR":1,"lvl":4,"n":"Summon Aberration"},{"id":38,"c":2,"u":"summon%20beast_tce","p":109,"s":3,"h":1,"dR":1,"lvl":2,"n":"Summon Beast"},{"id":39,"c":2,"u":"summon%20celestial_tce","p":110,"s":3,"h":1,"dR":1,"lvl":5,"n":"Summon Celestial"},{"id":40,"c":2,"u":"summon%20construct_tce","p":111,"s":3,"h":1,"dR":1,"lvl":4,"n":"Summon Construct"},{"id":41,"c":2,"u":"summon%20elemental_tce","p":111,"s":3,"h":1,"dR":1,"lvl":4,"n":"Summon Elemental"},{"id":42,"c":2,"u":"summon%20fey_tce","p":112,"s":3,"h":1,"dR":1,"lvl":3,"n":"Summon Fey"},{"id":43,"c":2,"u":"summon%20fiend_tce","p":112,"s":3,"h":1,"dR":1,"lvl":6,"n":"Summon Fiend"},{"id":44,"c":2,"u":"summon%20shadowspawn_tce","p":113,"s":3,"h":1,"lvl":3,"n":"Summon Shadowspawn"},{"id":45,"c":2,"u":"summon%20undead_tce","p":114,"s":3,"h":1,"dR":1,"lvl":3,"n":"Summon Undead"},{"id":46,"c":2,"u":"sword%20burst_tce","p":115,"s":3,"h":1,"lvl":0,"n":"Sword Burst"},{"id":47,"c":2,"u":"tasha's%20caustic%20brew_tce","p":115,"s":3,"h":1,"lvl":1,"n":"Tasha's Caustic Brew"},{"id":48,"c":2,"u":"tasha's%20mind%20whip_tce","p":115,"s":3,"h":1,"lvl":2,"n":"Tasha's Mind Whip"},{"id":49,"c":2,"u":"tasha's%20otherworldly%20guise_tce","p":116,"s":3,"h":1,"lvl":6,"n":"Tasha's Otherworldly Guise"},{"id":50,"c":2,"u":"abi-dalzim's%20horrid%20wilting_xge","p":150,"s":4,"h":1,"lvl":8,"n":"Abi-Dalzim's Horrid Wilting"},{"id":51,"c":2,"u":"absorb%20elements_xge","p":150,"s":4,"h":1,"lvl":1,"n":"Absorb Elements"},{"id":52,"c":2,"u":"aganazzar's%20scorcher_xge","p":150,"s":4,"h":1,"lvl":2,"n":"Aganazzar's Scorcher"},{"id":53,"c":2,"u":"beast%20bond_xge","p":150,"s":4,"h":1,"lvl":1,"n":"Beast Bond"},{"id":54,"c":2,"u":"bones%20of%20the%20earth_xge","p":150,"s":4,"h":1,"lvl":6,"n":"Bones of the Earth"},{"id":55,"c":2,"u":"catapult_xge","p":150,"s":4,"h":1,"lvl":1,"n":"Catapult"},{"id":56,"c":2,"u":"catnap_xge","p":151,"s":4,"h":1,"lvl":3,"n":"Catnap"},{"id":57,"c":2,"u":"cause%20fear_xge","p":151,"s":4,"h":1,"lvl":1,"n":"Cause Fear"},{"id":58,"c":2,"u":"ceremony_xge","p":151,"s":4,"h":1,"lvl":1,"n":"Ceremony"},{"id":59,"c":2,"u":"chaos%20bolt_xge","p":151,"s":4,"h":1,"lvl":1,"n":"Chaos Bolt"},{"id":60,"c":2,"u":"charm%20monster_xge","p":151,"s":4,"h":1,"dR":1,"lvl":4,"n":"Charm Monster"},{"id":61,"c":2,"u":"control%20flames_xge","p":152,"s":4,"h":1,"lvl":0,"n":"Control Flames"},{"id":62,"c":2,"u":"control%20winds_xge","p":152,"s":4,"h":1,"lvl":5,"n":"Control Winds"},{"id":63,"c":2,"u":"create%20bonfire_xge","p":152,"s":4,"h":1,"lvl":0,"n":"Create Bonfire"},{"id":64,"c":2,"u":"create%20homunculus_xge","p":152,"s":4,"h":1,"lvl":6,"n":"Create Homunculus"},{"id":65,"c":2,"u":"crown%20of%20stars_xge","p":152,"s":4,"h":1,"lvl":7,"n":"Crown of Stars"},{"id":66,"c":2,"u":"danse%20macabre_xge","p":153,"s":4,"h":1,"lvl":5,"n":"Danse Macabre"},{"id":67,"c":2,"u":"dawn_xge","p":153,"s":4,"h":1,"lvl":5,"n":"Dawn"},{"id":68,"c":2,"u":"dragon's%20breath_xge","p":154,"s":4,"h":1,"dR":1,"lvl":2,"n":"Dragon's Breath"},{"id":69,"c":2,"u":"druid%20grove_xge","p":154,"s":4,"h":1,"lvl":6,"n":"Druid Grove"},{"id":70,"c":2,"u":"dust%20devil_xge","p":154,"s":4,"h":1,"lvl":2,"n":"Dust Devil"},{"id":71,"c":2,"u":"earth%20tremor_xge","p":155,"s":4,"h":1,"lvl":1,"n":"Earth Tremor"},{"id":72,"c":2,"u":"earthbind_xge","p":154,"s":4,"h":1,"lvl":2,"n":"Earthbind"},{"id":73,"c":2,"u":"elemental%20bane_xge","p":155,"s":4,"h":1,"lvl":4,"n":"Elemental Bane"},{"id":74,"c":2,"u":"enemies%20abound_xge","p":155,"s":4,"h":1,"lvl":3,"n":"Enemies Abound"},{"id":75,"c":2,"u":"enervation_xge","p":155,"s":4,"h":1,"lvl":5,"n":"Enervation"},{"id":76,"c":2,"u":"erupting%20earth_xge","p":155,"s":4,"h":1,"lvl":3,"n":"Erupting Earth"},{"id":77,"c":2,"u":"far%20step_xge","p":155,"s":4,"h":1,"lvl":5,"n":"Far Step"},{"id":78,"c":2,"u":"find%20greater%20steed_xge","p":156,"s":4,"h":1,"lvl":4,"n":"Find Greater Steed"},{"id":79,"c":2,"u":"flame%20arrows_xge","p":156,"s":4,"h":1,"lvl":3,"n":"Flame Arrows"},{"id":80,"c":2,"u":"frostbite_xge","p":156,"s":4,"h":1,"lvl":0,"n":"Frostbite"},{"id":81,"c":2,"u":"guardian%20of%20nature_xge","p":157,"s":4,"h":1,"lvl":4,"n":"Guardian of Nature"},{"id":82,"c":2,"u":"gust_xge","p":157,"s":4,"h":1,"lvl":0,"n":"Gust"},{"id":83,"c":2,"u":"healing%20spirit_xge","p":157,"s":4,"h":1,"lvl":2,"n":"Healing Spirit"},{"id":84,"c":2,"u":"holy%20weapon_xge","p":157,"s":4,"h":1,"lvl":5,"n":"Holy Weapon"},{"id":85,"c":2,"u":"ice%20knife_xge","p":157,"s":4,"h":1,"dR":1,"lvl":1,"n":"Ice Knife"},{"id":86,"c":2,"u":"illusory%20dragon_xge","p":157,"s":4,"h":1,"lvl":8,"n":"Illusory Dragon"},{"id":87,"c":2,"u":"immolation_xge","p":158,"s":4,"h":1,"lvl":5,"n":"Immolation"},{"id":88,"c":2,"u":"infernal%20calling_xge","p":158,"s":4,"h":1,"lvl":5,"n":"Infernal Calling"},{"id":89,"c":2,"u":"infestation_xge","p":158,"s":4,"h":1,"lvl":0,"n":"Infestation"},{"id":90,"c":2,"u":"investiture%20of%20flame_xge","p":159,"s":4,"h":1,"lvl":6,"n":"Investiture of Flame"},{"id":91,"c":2,"u":"investiture%20of%20ice_xge","p":159,"s":4,"h":1,"lvl":6,"n":"Investiture of Ice"},{"id":92,"c":2,"u":"investiture%20of%20stone_xge","p":159,"s":4,"h":1,"lvl":6,"n":"Investiture of Stone"},{"id":93,"c":2,"u":"investiture%20of%20wind_xge","p":160,"s":4,"h":1,"lvl":6,"n":"Investiture of Wind"},{"id":94,"c":2,"u":"invulnerability_xge","p":160,"s":4,"h":1,"lvl":9,"n":"Invulnerability"},{"id":95,"c":2,"u":"life%20transference_xge","p":160,"s":4,"h":1,"lvl":3,"n":"Life Transference"},{"id":96,"c":2,"u":"maddening%20darkness_xge","p":160,"s":4,"h":1,"lvl":8,"n":"Maddening Darkness"},{"id":97,"c":2,"u":"maelstrom_xge","p":160,"s":4,"h":1,"lvl":5,"n":"Maelstrom"},{"id":98,"c":2,"u":"magic%20stone_xge","p":160,"s":4,"h":1,"lvl":0,"n":"Magic Stone"},{"id":99,"c":2,"u":"mass%20polymorph_xge","p":160,"s":4,"h":1,"lvl":9,"n":"Mass Polymorph"},{"id":100,"c":2,"u":"maximilian's%20earthen%20grasp_xge","p":161,"s":4,"h":1,"lvl":2,"n":"Maximilian's Earthen Grasp"},{"id":101,"c":2,"u":"melf's%20minute%20meteors_xge","p":161,"s":4,"h":1,"lvl":3,"n":"Melf's Minute Meteors"},{"id":102,"c":2,"u":"mental%20prison_xge","p":161,"s":4,"h":1,"lvl":6,"n":"Mental Prison"},{"id":103,"c":2,"u":"mighty%20fortress_xge","p":161,"s":4,"h":1,"lvl":8,"n":"Mighty Fortress"},{"id":104,"c":2,"u":"mind%20spike_xge","p":162,"s":4,"h":1,"dR":1,"lvl":2,"n":"Mind Spike"},{"id":105,"c":2,"u":"mold%20earth_xge","p":162,"s":4,"h":1,"lvl":0,"n":"Mold Earth"},{"id":106,"c":2,"u":"negative%20energy%20flood_xge","p":163,"s":4,"h":1,"lvl":5,"n":"Negative Energy Flood"},{"id":107,"c":2,"u":"power%20word%20pain_xge","p":163,"s":4,"h":1,"lvl":7,"n":"Power Word Pain"},{"id":108,"c":2,"u":"primal%20savagery_xge","p":163,"s":4,"h":1,"lvl":0,"n":"Primal Savagery"},{"id":109,"c":2,"u":"primordial%20ward_xge","p":163,"s":4,"h":1,"lvl":6,"n":"Primordial Ward"},{"id":110,"c":2,"u":"psychic%20scream_xge","p":163,"s":4,"h":1,"lvl":9,"n":"Psychic Scream"},{"id":111,"c":2,"u":"pyrotechnics_xge","p":163,"s":4,"h":1,"lvl":2,"n":"Pyrotechnics"},{"id":112,"c":2,"u":"scatter_xge","p":164,"s":4,"h":1,"lvl":6,"n":"Scatter"},{"id":113,"c":2,"u":"shadow%20blade_xge","p":164,"s":4,"h":1,"lvl":2,"n":"Shadow Blade"},{"id":114,"c":2,"u":"shadow%20of%20moil_xge","p":164,"s":4,"h":1,"lvl":4,"n":"Shadow of Moil"},{"id":115,"c":2,"u":"shape%20water_xge","p":164,"s":4,"h":1,"lvl":0,"n":"Shape Water"},{"id":116,"c":2,"u":"sickening%20radiance_xge","p":164,"s":4,"h":1,"lvl":4,"n":"Sickening Radiance"},{"id":117,"c":2,"u":"skill%20empowerment_xge","p":165,"s":4,"h":1,"lvl":5,"n":"Skill Empowerment"},{"id":118,"c":2,"u":"skywrite_xge","p":165,"s":4,"h":1,"lvl":2,"n":"Skywrite"},{"id":119,"c":2,"u":"snare_xge","p":165,"s":4,"h":1,"lvl":1,"n":"Snare"},{"id":120,"c":2,"u":"snilloc's%20snowball%20swarm_xge","p":165,"s":4,"h":1,"lvl":2,"n":"Snilloc's Snowball Swarm"},{"id":121,"c":2,"u":"soul%20cage_xge","p":165,"s":4,"h":1,"lvl":6,"n":"Soul Cage"},{"id":122,"c":2,"u":"steel%20wind%20strike_xge","p":166,"s":4,"h":1,"dR":1,"lvl":5,"n":"Steel Wind Strike"},{"id":123,"c":2,"u":"storm%20sphere_xge","p":166,"s":4,"h":1,"lvl":4,"n":"Storm Sphere"},{"id":124,"c":2,"u":"summon%20greater%20demon_xge","p":166,"s":4,"h":1,"lvl":4,"n":"Summon Greater Demon"},{"id":125,"c":2,"u":"summon%20lesser%20demons_xge","p":167,"s":4,"h":1,"lvl":3,"n":"Summon Lesser Demons"},{"id":126,"c":2,"u":"synaptic%20static_xge","p":167,"s":4,"h":1,"dR":1,"lvl":5,"n":"Synaptic Static"},{"id":127,"c":2,"u":"temple%20of%20the%20gods_xge","p":167,"s":4,"h":1,"lvl":7,"n":"Temple of the Gods"},{"id":128,"c":2,"u":"tenser's%20transformation_xge","p":168,"s":4,"h":1,"lvl":6,"n":"Tenser's Transformation"},{"id":129,"c":2,"u":"thunder%20step_xge","p":168,"s":4,"h":1,"lvl":3,"n":"Thunder Step"},{"id":130,"c":2,"u":"thunderclap_xge","p":168,"s":4,"h":1,"dR":1,"lvl":0,"n":"Thunderclap"},{"id":131,"c":2,"u":"tidal%20wave_xge","p":168,"s":4,"h":1,"lvl":3,"n":"Tidal Wave"},{"id":132,"c":2,"u":"tiny%20servant_xge","p":168,"s":4,"h":1,"lvl":3,"n":"Tiny Servant"},{"id":133,"c":2,"u":"toll%20the%20dead_xge","p":169,"s":4,"h":1,"dR":1,"lvl":0,"n":"Toll the Dead"},{"id":134,"c":2,"u":"transmute%20rock_xge","p":169,"s":4,"h":1,"lvl":5,"n":"Transmute Rock"},{"id":135,"c":2,"u":"vitriolic%20sphere_xge","p":170,"s":4,"h":1,"dR":1,"lvl":4,"n":"Vitriolic Sphere"},{"id":136,"c":2,"u":"wall%20of%20light_xge","p":170,"s":4,"h":1,"lvl":5,"n":"Wall of Light"},{"id":137,"c":2,"u":"wall%20of%20sand_xge","p":170,"s":4,"h":1,"lvl":3,"n":"Wall of Sand"},{"id":138,"c":2,"u":"wall%20of%20water_xge","p":170,"s":4,"h":1,"lvl":3,"n":"Wall of Water"},{"id":139,"c":2,"u":"warding%20wind_xge","p":170,"s":4,"h":1,"lvl":2,"n":"Warding Wind"},{"id":140,"c":2,"u":"watery%20sphere_xge","p":170,"s":4,"h":1,"lvl":4,"n":"Watery Sphere"},{"id":141,"c":2,"u":"whirlwind_xge","p":171,"s":4,"h":1,"lvl":7,"n":"Whirlwind"},{"id":142,"c":2,"u":"word%20of%20radiance_xge","p":171,"s":4,"h":1,"dR":1,"lvl":0,"n":"Word of Radiance"},{"id":143,"c":2,"u":"wrath%20of%20nature_xge","p":171,"s":4,"h":1,"lvl":5,"n":"Wrath of Nature"},{"id":144,"c":2,"u":"zephyr%20strike_xge","p":171,"s":4,"h":1,"lvl":1,"n":"Zephyr Strike"},{"id":145,"c":2,"u":"acid%20splash_xphb","p":239,"s":5,"h":1,"r2":1,"lvl":0,"n":"Acid Splash"},{"id":146,"c":2,"u":"aid_xphb","p":239,"s":5,"h":1,"r2":1,"lvl":2,"n":"Aid"},{"id":147,"c":2,"u":"alarm_xphb","p":239,"s":5,"h":1,"r2":1,"lvl":1,"n":"Alarm"},{"id":148,"c":2,"u":"alter%20self_xphb","p":239,"s":5,"h":1,"r2":1,"lvl":2,"n":"Alter Self"},{"id":149,"c":2,"u":"animal%20friendship_xphb","p":239,"s":5,"h":1,"r2":1,"lvl":1,"n":"Animal Friendship"},{"id":150,"c":2,"u":"animal%20messenger_xphb","p":240,"s":5,"h":1,"r2":1,"lvl":2,"n":"Animal Messenger"},{"id":151,"c":2,"u":"animal%20shapes_xphb","p":240,"s":5,"h":1,"r2":1,"lvl":8,"n":"Animal Shapes"},{"id":152,"c":2,"u":"animate%20dead_xphb","p":240,"s":5,"h":1,"r2":1,"lvl":3,"n":"Animate Dead"},{"id":153,"c":2,"u":"animate%20objects_xphb","p":240,"s":5,"h":1,"r2":1,"lvl":5,"n":"Animate Objects"},{"id":154,"c":2,"u":"antilife%20shell_xphb","p":241,"s":5,"h":1,"r2":1,"lvl":5,"n":"Antilife Shell"},{"id":155,"c":2,"u":"antimagic%20field_xphb","p":241,"s":5,"h":1,"r2":1,"lvl":8,"n":"Antimagic Field"},{"id":156,"c":2,"u":"antipathy%2fsympathy_xphb","p":242,"s":5,"h":1,"r2":1,"lvl":8,"n":"Antipathy/Sympathy"},{"id":157,"c":2,"u":"arcane%20eye_xphb","p":242,"s":5,"h":1,"r2":1,"lvl":4,"n":"Arcane Eye"},{"id":158,"c":2,"u":"arcane%20gate_xphb","p":242,"s":5,"h":1,"lvl":6,"n":"Arcane Gate"},{"id":159,"c":2,"u":"arcane%20lock_xphb","p":242,"s":5,"h":1,"r2":1,"lvl":2,"n":"Arcane Lock"},{"id":160,"c":2,"u":"arcane%20vigor_xphb","p":242,"s":5,"h":1,"lvl":2,"n":"Arcane Vigor"},{"id":161,"c":2,"u":"armor%20of%20agathys_xphb","p":243,"s":5,"h":1,"lvl":1,"n":"Armor of Agathys"},{"id":162,"c":2,"u":"arms%20of%20hadar_xphb","p":243,"s":5,"h":1,"lvl":1,"n":"Arms of Hadar"},{"id":163,"c":2,"u":"astral%20projection_xphb","p":243,"s":5,"h":1,"r2":1,"lvl":9,"n":"Astral Projection"},{"id":164,"c":2,"u":"augury_xphb","p":244,"s":5,"h":1,"r2":1,"lvl":2,"n":"Augury"},{"id":165,"c":2,"u":"aura%20of%20life_xphb","p":244,"s":5,"h":1,"r2":1,"lvl":4,"n":"Aura of Life"},{"id":166,"c":2,"u":"aura%20of%20purity_xphb","p":244,"s":5,"h":1,"lvl":4,"n":"Aura of Purity"},{"id":167,"c":2,"u":"aura%20of%20vitality_xphb","p":244,"s":5,"h":1,"lvl":3,"n":"Aura of Vitality"},{"id":168,"c":2,"u":"awaken_xphb","p":244,"s":5,"h":1,"r2":1,"lvl":5,"n":"Awaken"},{"id":169,"c":2,"u":"bane_xphb","p":245,"s":5,"h":1,"r2":1,"lvl":1,"n":"Bane"},{"id":170,"c":2,"u":"banishing%20smite_xphb","p":245,"s":5,"h":1,"lvl":5,"n":"Banishing Smite"},{"id":171,"c":2,"u":"banishment_xphb","p":245,"s":5,"h":1,"r2":1,"lvl":4,"n":"Banishment"},{"id":172,"c":2,"u":"barkskin_xphb","p":245,"s":5,"h":1,"r2":1,"lvl":2,"n":"Barkskin"},{"id":173,"c":2,"u":"beacon%20of%20hope_xphb","p":245,"s":5,"h":1,"r2":1,"lvl":3,"n":"Beacon of Hope"},{"id":174,"c":2,"u":"beast%20sense_xphb","p":245,"s":5,"h":1,"lvl":2,"n":"Beast Sense"},{"id":175,"c":2,"u":"befuddlement_xphb","p":245,"s":5,"h":1,"r2":1,"lvl":8,"n":"Befuddlement"},{"id":176,"c":2,"u":"bestow%20curse_xphb","p":246,"s":5,"h":1,"r2":1,"lvl":3,"n":"Bestow Curse"},{"id":177,"c":2,"u":"bigby's%20hand_xphb","p":246,"s":5,"h":1,"r2":1,"lvl":5,"n":"Bigby's Hand"},{"id":178,"c":2,"u":"bigby's%20hand_xphb","p":246,"s":5,"h":1,"r2":1,"lvl":5,"n":"Arcane Hand"},{"id":179,"c":2,"u":"blade%20barrier_xphb","p":247,"s":5,"h":1,"r2":1,"lvl":6,"n":"Blade Barrier"},{"id":180,"c":2,"u":"blade%20ward_xphb","p":247,"s":5,"h":1,"lvl":0,"n":"Blade Ward"},{"id":181,"c":2,"u":"bless_xphb","p":247,"s":5,"h":1,"r2":1,"lvl":1,"n":"Bless"},{"id":182,"c":2,"u":"blight_xphb","p":247,"s":5,"h":1,"r2":1,"lvl":4,"n":"Blight"},{"id":183,"c":2,"u":"blinding%20smite_xphb","p":247,"s":5,"h":1,"lvl":3,"n":"Blinding Smite"},{"id":184,"c":2,"u":"blindness%2fdeafness_xphb","p":248,"s":5,"h":1,"r2":1,"lvl":2,"n":"Blindness/Deafness"},{"id":185,"c":2,"u":"blink_xphb","p":248,"s":5,"h":1,"r2":1,"lvl":3,"n":"Blink"},{"id":186,"c":2,"u":"blur_xphb","p":248,"s":5,"h":1,"r2":1,"lvl":2,"n":"Blur"},{"id":187,"c":2,"u":"burning%20hands_xphb","p":248,"s":5,"h":1,"r2":1,"lvl":1,"n":"Burning Hands"},{"id":188,"c":2,"u":"call%20lightning_xphb","p":248,"s":5,"h":1,"r2":1,"lvl":3,"n":"Call Lightning"},{"id":189,"c":2,"u":"calm%20emotions_xphb","p":249,"s":5,"h":1,"r2":1,"lvl":2,"n":"Calm Emotions"},{"id":190,"c":2,"u":"chain%20lightning_xphb","p":249,"s":5,"h":1,"r2":1,"lvl":6,"n":"Chain Lightning"},{"id":191,"c":2,"u":"charm%20monster_xphb","p":249,"s":5,"h":1,"r2":1,"lvl":4,"n":"Charm Monster"},{"id":192,"c":2,"u":"charm%20person_xphb","p":249,"s":5,"h":1,"r2":1,"lvl":1,"n":"Charm Person"},{"id":193,"c":2,"u":"chill%20touch_xphb","p":249,"s":5,"h":1,"r2":1,"lvl":0,"n":"Chill Touch"},{"id":194,"c":2,"u":"chromatic%20orb_xphb","p":249,"s":5,"h":1,"r2":1,"lvl":1,"n":"Chromatic Orb"},{"id":195,"c":2,"u":"circle%20of%20death_xphb","p":250,"s":5,"h":1,"r2":1,"lvl":6,"n":"Circle of Death"},{"id":196,"c":2,"u":"circle%20of%20power_xphb","p":250,"s":5,"h":1,"lvl":5,"n":"Circle of Power"},{"id":197,"c":2,"u":"clairvoyance_xphb","p":250,"s":5,"h":1,"r2":1,"lvl":3,"n":"Clairvoyance"},{"id":198,"c":2,"u":"clone_xphb","p":251,"s":5,"h":1,"r2":1,"lvl":8,"n":"Clone"},{"id":199,"c":2,"u":"cloud%20of%20daggers_xphb","p":251,"s":5,"h":1,"lvl":2,"n":"Cloud of Daggers"},{"id":200,"c":2,"u":"cloudkill_xphb","p":251,"s":5,"h":1,"r2":1,"lvl":5,"n":"Cloudkill"},{"id":201,"c":2,"u":"color%20spray_xphb","p":251,"s":5,"h":1,"r2":1,"lvl":1,"n":"Color Spray"},{"id":202,"c":2,"u":"command_xphb","p":251,"s":5,"h":1,"r2":1,"lvl":1,"n":"Command"},{"id":203,"c":2,"u":"commune_xphb","p":251,"s":5,"h":1,"r2":1,"lvl":5,"n":"Commune"},{"id":204,"c":2,"u":"commune%20with%20nature_xphb","p":252,"s":5,"h":1,"r2":1,"lvl":5,"n":"Commune with Nature"},{"id":205,"c":2,"u":"compelled%20duel_xphb","p":252,"s":5,"h":1,"lvl":1,"n":"Compelled Duel"},{"id":206,"c":2,"u":"comprehend%20languages_xphb","p":252,"s":5,"h":1,"r2":1,"lvl":1,"n":"Comprehend Languages"},{"id":207,"c":2,"u":"compulsion_xphb","p":252,"s":5,"h":1,"r2":1,"lvl":4,"n":"Compulsion"},{"id":208,"c":2,"u":"cone%20of%20cold_xphb","p":253,"s":5,"h":1,"r2":1,"lvl":5,"n":"Cone of Cold"},{"id":209,"c":2,"u":"confusion_xphb","p":253,"s":5,"h":1,"r2":1,"lvl":4,"n":"Confusion"},{"id":210,"c":2,"u":"conjure%20animals_xphb","p":254,"s":5,"h":1,"r2":1,"lvl":3,"n":"Conjure Animals"},{"id":211,"c":2,"u":"conjure%20barrage_xphb","p":254,"s":5,"h":1,"lvl":3,"n":"Conjure Barrage"},{"id":212,"c":2,"u":"conjure%20celestial_xphb","p":254,"s":5,"h":1,"r2":1,"lvl":7,"n":"Conjure Celestial"},{"id":213,"c":2,"u":"conjure%20elemental_xphb","p":254,"s":5,"h":1,"r2":1,"lvl":5,"n":"Conjure Elemental"},{"id":214,"c":2,"u":"conjure%20fey_xphb","p":255,"s":5,"h":1,"r2":1,"lvl":6,"n":"Conjure Fey"},{"id":215,"c":2,"u":"conjure%20minor%20elementals_xphb","p":255,"s":5,"h":1,"r2":1,"lvl":4,"n":"Conjure Minor Elementals"},{"id":216,"c":2,"u":"conjure%20volley_xphb","p":255,"s":5,"h":1,"lvl":5,"n":"Conjure Volley"},{"id":217,"c":2,"u":"conjure%20woodland%20beings_xphb","p":255,"s":5,"h":1,"r2":1,"lvl":4,"n":"Conjure Woodland Beings"},{"id":218,"c":2,"u":"contact%20other%20plane_xphb","p":255,"s":5,"h":1,"r2":1,"lvl":5,"n":"Contact Other Plane"},{"id":219,"c":2,"u":"contagion_xphb","p":256,"s":5,"h":1,"r2":1,"lvl":5,"n":"Contagion"},{"id":220,"c":2,"u":"contingency_xphb","p":256,"s":5,"h":1,"r2":1,"lvl":6,"n":"Contingency"},{"id":221,"c":2,"u":"continual%20flame_xphb","p":256,"s":5,"h":1,"r2":1,"lvl":2,"n":"Continual Flame"},{"id":222,"c":2,"u":"control%20water_xphb","p":256,"s":5,"h":1,"r2":1,"lvl":4,"n":"Control Water"},{"id":223,"c":2,"u":"control%20weather_xphb","p":257,"s":5,"h":1,"r2":1,"lvl":8,"n":"Control Weather"},{"id":224,"c":2,"u":"cordon%20of%20arrows_xphb","p":258,"s":5,"h":1,"lvl":2,"n":"Cordon of Arrows"},{"id":225,"c":2,"u":"counterspell_xphb","p":258,"s":5,"h":1,"r2":1,"lvl":3,"n":"Counterspell"},{"id":226,"c":2,"u":"create%20food%20and%20water_xphb","p":258,"s":5,"h":1,"r2":1,"lvl":3,"n":"Create Food and Water"},{"id":227,"c":2,"u":"create%20or%20destroy%20water_xphb","p":258,"s":5,"h":1,"r2":1,"lvl":1,"n":"Create or Destroy Water"},{"id":228,"c":2,"u":"create%20undead_xphb","p":258,"s":5,"h":1,"r2":1,"lvl":6,"n":"Create Undead"},{"id":229,"c":2,"u":"creation_xphb","p":259,"s":5,"h":1,"r2":1,"lvl":5,"n":"Creation"},{"id":230,"c":2,"u":"crown%20of%20madness_xphb","p":259,"s":5,"h":1,"lvl":2,"n":"Crown of Madness"},{"id":231,"c":2,"u":"crusader's%20mantle_xphb","p":259,"s":5,"h":1,"lvl":3,"n":"Crusader's Mantle"},{"id":232,"c":2,"u":"cure%20wounds_xphb","p":259,"s":5,"h":1,"r2":1,"lvl":1,"n":"Cure Wounds"},{"id":233,"c":2,"u":"dancing%20lights_xphb","p":259,"s":5,"h":1,"r2":1,"lvl":0,"n":"Dancing Lights"},{"id":234,"c":2,"u":"darkness_xphb","p":260,"s":5,"h":1,"r2":1,"lvl":2,"n":"Darkness"},{"id":235,"c":2,"u":"darkvision_xphb","p":260,"s":5,"h":1,"r2":1,"lvl":2,"n":"Darkvision"},{"id":236,"c":2,"u":"daylight_xphb","p":260,"s":5,"h":1,"r2":1,"lvl":3,"n":"Daylight"},{"id":237,"c":2,"u":"death%20ward_xphb","p":261,"s":5,"h":1,"r2":1,"lvl":4,"n":"Death Ward"},{"id":238,"c":2,"u":"delayed%20blast%20fireball_xphb","p":261,"s":5,"h":1,"r2":1,"lvl":7,"n":"Delayed Blast Fireball"},{"id":239,"c":2,"u":"demiplane_xphb","p":261,"s":5,"h":1,"r2":1,"lvl":8,"n":"Demiplane"},{"id":240,"c":2,"u":"destructive%20wave_xphb","p":261,"s":5,"h":1,"lvl":5,"n":"Destructive Wave"},{"id":241,"c":2,"u":"detect%20evil%20and%20good_xphb","p":261,"s":5,"h":1,"r2":1,"lvl":1,"n":"Detect Evil and Good"},{"id":242,"c":2,"u":"detect%20magic_xphb","p":262,"s":5,"h":1,"r2":1,"lvl":1,"n":"Detect Magic"},{"id":243,"c":2,"u":"detect%20poison%20and%20disease_xphb","p":262,"s":5,"h":1,"r2":1,"lvl":1,"n":"Detect Poison and Disease"},{"id":244,"c":2,"u":"detect%20thoughts_xphb","p":262,"s":5,"h":1,"r2":1,"lvl":2,"n":"Detect Thoughts"},{"id":245,"c":2,"u":"dimension%20door_xphb","p":262,"s":5,"h":1,"r2":1,"lvl":4,"n":"Dimension Door"},{"id":246,"c":2,"u":"disguise%20self_xphb","p":262,"s":5,"h":1,"r2":1,"lvl":1,"n":"Disguise Self"},{"id":247,"c":2,"u":"disintegrate_xphb","p":263,"s":5,"h":1,"r2":1,"lvl":6,"n":"Disintegrate"},{"id":248,"c":2,"u":"dispel%20evil%20and%20good_xphb","p":263,"s":5,"h":1,"r2":1,"lvl":5,"n":"Dispel Evil and Good"},{"id":249,"c":2,"u":"dispel%20magic_xphb","p":264,"s":5,"h":1,"r2":1,"lvl":3,"n":"Dispel Magic"},{"id":250,"c":2,"u":"dissonant%20whispers_xphb","p":264,"s":5,"h":1,"r2":1,"lvl":1,"n":"Dissonant Whispers"},{"id":251,"c":2,"u":"divination_xphb","p":264,"s":5,"h":1,"r2":1,"lvl":4,"n":"Divination"},{"id":252,"c":2,"u":"divine%20favor_xphb","p":265,"s":5,"h":1,"r2":1,"lvl":1,"n":"Divine Favor"},{"id":253,"c":2,"u":"divine%20smite_xphb","p":265,"s":5,"h":1,"r2":1,"lvl":1,"n":"Divine Smite"},{"id":254,"c":2,"u":"divine%20word_xphb","p":265,"s":5,"h":1,"r2":1,"lvl":7,"n":"Divine Word"},{"id":255,"c":2,"u":"dominate%20beast_xphb","p":265,"s":5,"h":1,"r2":1,"lvl":4,"n":"Dominate Beast"},{"id":256,"c":2,"u":"dominate%20monster_xphb","p":265,"s":5,"h":1,"r2":1,"lvl":8,"n":"Dominate Monster"},{"id":257,"c":2,"u":"dominate%20person_xphb","p":266,"s":5,"h":1,"r2":1,"lvl":5,"n":"Dominate Person"},{"id":258,"c":2,"u":"dragon's%20breath_xphb","p":266,"s":5,"h":1,"r2":1,"lvl":2,"n":"Dragon's Breath"},{"id":259,"c":2,"u":"drawmij's%20instant%20summons_xphb","p":266,"s":5,"h":1,"r2":1,"lvl":6,"n":"Drawmij's Instant Summons"},{"id":260,"c":2,"u":"drawmij's%20instant%20summons_xphb","p":266,"s":5,"h":1,"r2":1,"lvl":6,"n":"Instant Summons"},{"id":261,"c":2,"u":"dream_xphb","p":266,"s":5,"h":1,"r2":1,"lvl":5,"n":"Dream"},{"id":262,"c":2,"u":"druidcraft_xphb","p":266,"s":5,"h":1,"r2":1,"lvl":0,"n":"Druidcraft"},{"id":263,"c":2,"u":"earthquake_xphb","p":267,"s":5,"h":1,"r2":1,"lvl":8,"n":"Earthquake"},{"id":264,"c":2,"u":"eldritch%20blast_xphb","p":267,"s":5,"h":1,"r2":1,"lvl":0,"n":"Eldritch Blast"},{"id":265,"c":2,"u":"elemental%20weapon_xphb","p":267,"s":5,"h":1,"lvl":3,"n":"Elemental Weapon"},{"id":266,"c":2,"u":"elementalism_xphb","p":267,"s":5,"h":1,"r2":1,"lvl":0,"n":"Elementalism"},{"id":267,"c":2,"u":"enhance%20ability_xphb","p":268,"s":5,"h":1,"r2":1,"lvl":2,"n":"Enhance Ability"},{"id":268,"c":2,"u":"enlarge%2freduce_xphb","p":268,"s":5,"h":1,"r2":1,"lvl":2,"n":"Enlarge/Reduce"},{"id":269,"c":2,"u":"ensnaring%20strike_xphb","p":268,"s":5,"h":1,"r2":1,"lvl":1,"n":"Ensnaring Strike"},{"id":270,"c":2,"u":"entangle_xphb","p":268,"s":5,"h":1,"r2":1,"lvl":1,"n":"Entangle"},{"id":271,"c":2,"u":"enthrall_xphb","p":269,"s":5,"h":1,"r2":1,"lvl":2,"n":"Enthrall"},{"id":272,"c":2,"u":"etherealness_xphb","p":269,"s":5,"h":1,"r2":1,"lvl":7,"n":"Etherealness"},{"id":273,"c":2,"u":"evard's%20black%20tentacles_xphb","p":270,"s":5,"h":1,"r2":1,"lvl":4,"n":"Evard's Black Tentacles"},{"id":274,"c":2,"u":"evard's%20black%20tentacles_xphb","p":270,"s":5,"h":1,"r2":1,"lvl":4,"n":"Black Tentacles"},{"id":275,"c":2,"u":"expeditious%20retreat_xphb","p":270,"s":5,"h":1,"r2":1,"lvl":1,"n":"Expeditious Retreat"},{"id":276,"c":2,"u":"eyebite_xphb","p":270,"s":5,"h":1,"r2":1,"lvl":6,"n":"Eyebite"},{"id":277,"c":2,"u":"fabricate_xphb","p":271,"s":5,"h":1,"r2":1,"lvl":4,"n":"Fabricate"},{"id":278,"c":2,"u":"faerie%20fire_xphb","p":271,"s":5,"h":1,"r2":1,"lvl":1,"n":"Faerie Fire"},{"id":279,"c":2,"u":"false%20life_xphb","p":271,"s":5,"h":1,"r2":1,"lvl":1,"n":"False Life"},{"id":280,"c":2,"u":"fear_xphb","p":271,"s":5,"h":1,"r2":1,"lvl":3,"n":"Fear"},{"id":281,"c":2,"u":"feather%20fall_xphb","p":271,"s":5,"h":1,"r2":1,"lvl":1,"n":"Feather Fall"},{"id":282,"c":2,"u":"feign%20death_xphb","p":271,"s":5,"h":1,"lvl":3,"n":"Feign Death"},{"id":283,"c":2,"u":"find%20familiar_xphb","p":272,"s":5,"h":1,"r2":1,"lvl":1,"n":"Find Familiar"},{"id":284,"c":2,"u":"find%20steed_xphb","p":272,"s":5,"h":1,"r2":1,"lvl":2,"n":"Find Steed"},{"id":285,"c":2,"u":"find%20the%20path_xphb","p":273,"s":5,"h":1,"r2":1,"lvl":6,"n":"Find the Path"},{"id":286,"c":2,"u":"find%20traps_xphb","p":273,"s":5,"h":1,"r2":1,"lvl":2,"n":"Find Traps"},{"id":287,"c":2,"u":"finger%20of%20death_xphb","p":273,"s":5,"h":1,"r2":1,"lvl":7,"n":"Finger of Death"},{"id":288,"c":2,"u":"fire%20bolt_xphb","p":274,"s":5,"h":1,"r2":1,"lvl":0,"n":"Fire Bolt"},{"id":289,"c":2,"u":"fire%20bolt_xphb","p":274,"s":5,"h":1,"r2":1,"lvl":0,"n":"Firebolt"},{"id":290,"c":2,"u":"fire%20shield_xphb","p":274,"s":5,"h":1,"r2":1,"lvl":4,"n":"Fire Shield"},{"id":291,"c":2,"u":"fire%20storm_xphb","p":275,"s":5,"h":1,"r2":1,"lvl":7,"n":"Fire Storm"},{"id":292,"c":2,"u":"fireball_xphb","p":274,"s":5,"h":1,"r2":1,"lvl":3,"n":"Fireball"},{"id":293,"c":2,"u":"flame%20blade_xphb","p":275,"s":5,"h":1,"r2":1,"lvl":2,"n":"Flame Blade"},{"id":294,"c":2,"u":"flame%20strike_xphb","p":275,"s":5,"h":1,"r2":1,"lvl":5,"n":"Flame Strike"},{"id":295,"c":2,"u":"flaming%20sphere_xphb","p":275,"s":5,"h":1,"r2":1,"lvl":2,"n":"Flaming Sphere"},{"id":296,"c":2,"u":"flesh%20to%20stone_xphb","p":275,"s":5,"h":1,"r2":1,"lvl":6,"n":"Flesh to Stone"},{"id":297,"c":2,"u":"fly_xphb","p":276,"s":5,"h":1,"r2":1,"lvl":3,"n":"Fly"},{"id":298,"c":2,"u":"fog%20cloud_xphb","p":276,"s":5,"h":1,"r2":1,"lvl":1,"n":"Fog Cloud"},{"id":299,"c":2,"u":"forbiddance_xphb","p":276,"s":5,"h":1,"r2":1,"lvl":6,"n":"Forbiddance"},{"id":300,"c":2,"u":"forcecage_xphb","p":276,"s":5,"h":1,"r2":1,"lvl":7,"n":"Forcecage"},{"id":301,"c":2,"u":"foresight_xphb","p":276,"s":5,"h":1,"r2":1,"lvl":9,"n":"Foresight"},{"id":302,"c":2,"u":"fount%20of%20moonlight_xphb","p":277,"s":5,"h":1,"lvl":4,"n":"Fount of Moonlight"},{"id":303,"c":2,"u":"freedom%20of%20movement_xphb","p":277,"s":5,"h":1,"r2":1,"lvl":4,"n":"Freedom of Movement"},{"id":304,"c":2,"u":"friends_xphb","p":277,"s":5,"h":1,"lvl":0,"n":"Friends"},{"id":305,"c":2,"u":"gaseous%20form_xphb","p":277,"s":5,"h":1,"r2":1,"lvl":3,"n":"Gaseous Form"},{"id":306,"c":2,"u":"gate_xphb","p":277,"s":5,"h":1,"r2":1,"lvl":9,"n":"Gate"},{"id":307,"c":2,"u":"geas_xphb","p":278,"s":5,"h":1,"r2":1,"lvl":5,"n":"Geas"},{"id":308,"c":2,"u":"gentle%20repose_xphb","p":278,"s":5,"h":1,"r2":1,"lvl":2,"n":"Gentle Repose"},{"id":309,"c":2,"u":"giant%20insect_xphb","p":279,"s":5,"h":1,"r2":1,"lvl":4,"n":"Giant Insect"},{"id":310,"c":2,"u":"glibness_xphb","p":279,"s":5,"h":1,"r2":1,"lvl":8,"n":"Glibness"},{"id":311,"c":2,"u":"globe%20of%20invulnerability_xphb","p":279,"s":5,"h":1,"r2":1,"lvl":6,"n":"Globe of Invulnerability"},{"id":312,"c":2,"u":"glyph%20of%20warding_xphb","p":279,"s":5,"h":1,"r2":1,"lvl":3,"n":"Glyph of Warding"},{"id":313,"c":2,"u":"goodberry_xphb","p":280,"s":5,"h":1,"r2":1,"lvl":1,"n":"Goodberry"},{"id":314,"c":2,"u":"grasping%20vine_xphb","p":280,"s":5,"h":1,"lvl":4,"n":"Grasping Vine"},{"id":315,"c":2,"u":"grease_xphb","p":280,"s":5,"h":1,"r2":1,"lvl":1,"n":"Grease"},{"id":316,"c":2,"u":"greater%20invisibility_xphb","p":281,"s":5,"h":1,"r2":1,"lvl":4,"n":"Greater Invisibility"},{"id":317,"c":2,"u":"greater%20restoration_xphb","p":281,"s":5,"h":1,"r2":1,"lvl":5,"n":"Greater Restoration"},{"id":318,"c":2,"u":"guardian%20of%20faith_xphb","p":281,"s":5,"h":1,"r2":1,"lvl":4,"n":"Guardian of Faith"},{"id":319,"c":2,"u":"guards%20and%20wards_xphb","p":282,"s":5,"h":1,"r2":1,"lvl":6,"n":"Guards and Wards"},{"id":320,"c":2,"u":"guidance_xphb","p":282,"s":5,"h":1,"r2":1,"lvl":0,"n":"Guidance"},{"id":321,"c":2,"u":"guiding%20bolt_xphb","p":282,"s":5,"h":1,"r2":1,"lvl":1,"n":"Guiding Bolt"},{"id":322,"c":2,"u":"gust%20of%20wind_xphb","p":282,"s":5,"h":1,"r2":1,"lvl":2,"n":"Gust of Wind"},{"id":323,"c":2,"u":"hail%20of%20thorns_xphb","p":283,"s":5,"h":1,"lvl":1,"n":"Hail of Thorns"},{"id":324,"c":2,"u":"hallow_xphb","p":283,"s":5,"h":1,"r2":1,"lvl":5,"n":"Hallow"},{"id":325,"c":2,"u":"hallucinatory%20terrain_xphb","p":283,"s":5,"h":1,"r2":1,"lvl":4,"n":"Hallucinatory Terrain"},{"id":326,"c":2,"u":"harm_xphb","p":283,"s":5,"h":1,"r2":1,"lvl":6,"n":"Harm"},{"id":327,"c":2,"u":"haste_xphb","p":284,"s":5,"h":1,"r2":1,"lvl":3,"n":"Haste"},{"id":328,"c":2,"u":"heal_xphb","p":284,"s":5,"h":1,"r2":1,"lvl":6,"n":"Heal"},{"id":329,"c":2,"u":"healing%20word_xphb","p":284,"s":5,"h":1,"r2":1,"lvl":1,"n":"Healing Word"},{"id":330,"c":2,"u":"heat%20metal_xphb","p":284,"s":5,"h":1,"r2":1,"lvl":2,"n":"Heat Metal"},{"id":331,"c":2,"u":"hellish%20rebuke_xphb","p":284,"s":5,"h":1,"r2":1,"lvl":1,"n":"Hellish Rebuke"},{"id":332,"c":2,"u":"heroes'%20feast_xphb","p":284,"s":5,"h":1,"r2":1,"lvl":6,"n":"Heroes' Feast"},{"id":333,"c":2,"u":"heroism_xphb","p":285,"s":5,"h":1,"r2":1,"lvl":1,"n":"Heroism"},{"id":334,"c":2,"u":"hex_xphb","p":285,"s":5,"h":1,"r2":1,"lvl":1,"n":"Hex"},{"id":335,"c":2,"u":"hold%20monster_xphb","p":285,"s":5,"h":1,"r2":1,"lvl":5,"n":"Hold Monster"},{"id":336,"c":2,"u":"hold%20person_xphb","p":286,"s":5,"h":1,"r2":1,"lvl":2,"n":"Hold Person"},{"id":337,"c":2,"u":"holy%20aura_xphb","p":286,"s":5,"h":1,"r2":1,"lvl":8,"n":"Holy Aura"},{"id":338,"c":2,"u":"hunger%20of%20hadar_xphb","p":286,"s":5,"h":1,"lvl":3,"n":"Hunger of Hadar"},{"id":339,"c":2,"u":"hunter's%20mark_xphb","p":287,"s":5,"h":1,"r2":1,"lvl":1,"n":"Hunter's Mark"},{"id":340,"c":2,"u":"hypnotic%20pattern_xphb","p":287,"s":5,"h":1,"r2":1,"lvl":3,"n":"Hypnotic Pattern"},{"id":341,"c":2,"u":"ice%20knife_xphb","p":287,"s":5,"h":1,"r2":1,"lvl":1,"n":"Ice Knife"},{"id":342,"c":2,"u":"ice%20storm_xphb","p":287,"s":5,"h":1,"r2":1,"lvl":4,"n":"Ice Storm"},{"id":343,"c":2,"u":"identify_xphb","p":287,"s":5,"h":1,"r2":1,"lvl":1,"n":"Identify"},{"id":344,"c":2,"u":"illusory%20script_xphb","p":288,"s":5,"h":1,"r2":1,"lvl":1,"n":"Illusory Script"},{"id":345,"c":2,"u":"imprisonment_xphb","p":288,"s":5,"h":1,"r2":1,"lvl":9,"n":"Imprisonment"},{"id":346,"c":2,"u":"incendiary%20cloud_xphb","p":288,"s":5,"h":1,"r2":1,"lvl":8,"n":"Incendiary Cloud"},{"id":347,"c":2,"u":"inflict%20wounds_xphb","p":288,"s":5,"h":1,"r2":1,"lvl":1,"n":"Inflict Wounds"},{"id":348,"c":2,"u":"insect%20plague_xphb","p":289,"s":5,"h":1,"r2":1,"lvl":5,"n":"Insect Plague"},{"id":349,"c":2,"u":"invisibility_xphb","p":289,"s":5,"h":1,"r2":1,"lvl":2,"n":"Invisibility"},{"id":350,"c":2,"u":"jallarzi's%20storm%20of%20radiance_xphb","p":289,"s":5,"h":1,"lvl":5,"n":"Jallarzi's Storm of Radiance"},{"id":351,"c":2,"u":"jump_xphb","p":290,"s":5,"h":1,"r2":1,"lvl":1,"n":"Jump"},{"id":352,"c":2,"u":"knock_xphb","p":290,"s":5,"h":1,"r2":1,"lvl":2,"n":"Knock"},{"id":353,"c":2,"u":"legend%20lore_xphb","p":290,"s":5,"h":1,"r2":1,"lvl":5,"n":"Legend Lore"},{"id":354,"c":2,"u":"leomund's%20secret%20chest_xphb","p":290,"s":5,"h":1,"r2":1,"lvl":4,"n":"Leomund's Secret Chest"},{"id":355,"c":2,"u":"leomund's%20secret%20chest_xphb","p":290,"s":5,"h":1,"r2":1,"lvl":4,"n":"Secret Chest"},{"id":356,"c":2,"u":"leomund's%20tiny%20hut_xphb","p":291,"s":5,"h":1,"r2":1,"lvl":3,"n":"Leomund's Tiny Hut"},{"id":357,"c":2,"u":"leomund's%20tiny%20hut_xphb","p":291,"s":5,"h":1,"r2":1,"lvl":3,"n":"Tiny Hut"},{"id":358,"c":2,"u":"lesser%20restoration_xphb","p":291,"s":5,"h":1,"r2":1,"lvl":2,"n":"Lesser Restoration"},{"id":359,"c":2,"u":"levitate_xphb","p":291,"s":5,"h":1,"r2":1,"lvl":2,"n":"Levitate"},{"id":360,"c":2,"u":"light_xphb","p":292,"s":5,"h":1,"r2":1,"lvl":0,"n":"Light"},{"id":361,"c":2,"u":"lightning%20arrow_xphb","p":292,"s":5,"h":1,"lvl":3,"n":"Lightning Arrow"},{"id":362,"c":2,"u":"lightning%20bolt_xphb","p":292,"s":5,"h":1,"r2":1,"lvl":3,"n":"Lightning Bolt"},{"id":363,"c":2,"u":"locate%20animals%20or%20plants_xphb","p":292,"s":5,"h":1,"r2":1,"lvl":2,"n":"Locate Animals or Plants"},{"id":364,"c":2,"u":"locate%20creature_xphb","p":292,"s":5,"h":1,"r2":1,"lvl":4,"n":"Locate Creature"},{"id":365,"c":2,"u":"locate%20object_xphb","p":293,"s":5,"h":1,"r2":1,"lvl":2,"n":"Locate Object"},{"id":366,"c":2,"u":"longstrider_xphb","p":293,"s":5,"h":1,"r2":1,"lvl":1,"n":"Longstrider"},{"id":367,"c":2,"u":"mage%20armor_xphb","p":293,"s":5,"h":1,"r2":1,"lvl":1,"n":"Mage Armor"},{"id":368,"c":2,"u":"mage%20hand_xphb","p":293,"s":5,"h":1,"r2":1,"lvl":0,"n":"Mage Hand"},{"id":369,"c":2,"u":"magic%20circle_xphb","p":293,"s":5,"h":1,"r2":1,"lvl":3,"n":"Magic Circle"},{"id":370,"c":2,"u":"magic%20jar_xphb","p":294,"s":5,"h":1,"r2":1,"lvl":6,"n":"Magic Jar"},{"id":371,"c":2,"u":"magic%20missile_xphb","p":295,"s":5,"h":1,"r2":1,"lvl":1,"n":"Magic Missile"},{"id":372,"c":2,"u":"magic%20mouth_xphb","p":295,"s":5,"h":1,"r2":1,"lvl":2,"n":"Magic Mouth"},{"id":373,"c":2,"u":"magic%20weapon_xphb","p":295,"s":5,"h":1,"r2":1,"lvl":2,"n":"Magic Weapon"},{"id":374,"c":2,"u":"major%20image_xphb","p":295,"s":5,"h":1,"r2":1,"lvl":3,"n":"Major Image"},{"id":375,"c":2,"u":"mass%20cure%20wounds_xphb","p":296,"s":5,"h":1,"r2":1,"lvl":5,"n":"Mass Cure Wounds"},{"id":376,"c":2,"u":"mass%20heal_xphb","p":296,"s":5,"h":1,"r2":1,"lvl":9,"n":"Mass Heal"},{"id":377,"c":2,"u":"mass%20healing%20word_xphb","p":296,"s":5,"h":1,"r2":1,"lvl":3,"n":"Mass Healing Word"},{"id":378,"c":2,"u":"mass%20suggestion_xphb","p":296,"s":5,"h":1,"r2":1,"lvl":6,"n":"Mass Suggestion"},{"id":379,"c":2,"u":"maze_xphb","p":296,"s":5,"h":1,"r2":1,"lvl":8,"n":"Maze"},{"id":380,"c":2,"u":"meld%20into%20stone_xphb","p":296,"s":5,"h":1,"r2":1,"lvl":3,"n":"Meld into Stone"},{"id":381,"c":2,"u":"melf's%20acid%20arrow_xphb","p":297,"s":5,"h":1,"r2":1,"lvl":2,"n":"Melf's Acid Arrow"},{"id":382,"c":2,"u":"melf's%20acid%20arrow_xphb","p":297,"s":5,"h":1,"r2":1,"lvl":2,"n":"Acid Arrow"},{"id":383,"c":2,"u":"mending_xphb","p":297,"s":5,"h":1,"r2":1,"lvl":0,"n":"Mending"},{"id":384,"c":2,"u":"message_xphb","p":298,"s":5,"h":1,"r2":1,"lvl":0,"n":"Message"},{"id":385,"c":2,"u":"meteor%20swarm_xphb","p":298,"s":5,"h":1,"r2":1,"lvl":9,"n":"Meteor Swarm"},{"id":386,"c":2,"u":"mind%20blank_xphb","p":298,"s":5,"h":1,"r2":1,"lvl":8,"n":"Mind Blank"},{"id":387,"c":2,"u":"mind%20sliver_xphb","p":298,"s":5,"h":1,"lvl":0,"n":"Mind Sliver"},{"id":388,"c":2,"u":"mind%20spike_xphb","p":298,"s":5,"h":1,"r2":1,"lvl":2,"n":"Mind Spike"},{"id":389,"c":2,"u":"minor%20illusion_xphb","p":298,"s":5,"h":1,"r2":1,"lvl":0,"n":"Minor Illusion"},{"id":390,"c":2,"u":"mirage%20arcane_xphb","p":299,"s":5,"h":1,"r2":1,"lvl":7,"n":"Mirage Arcane"},{"id":391,"c":2,"u":"mirror%20image_xphb","p":299,"s":5,"h":1,"r2":1,"lvl":2,"n":"Mirror Image"},{"id":392,"c":2,"u":"mislead_xphb","p":299,"s":5,"h":1,"r2":1,"lvl":5,"n":"Mislead"},{"id":393,"c":2,"u":"misty%20step_xphb","p":299,"s":5,"h":1,"r2":1,"lvl":2,"n":"Misty Step"},{"id":394,"c":2,"u":"modify%20memory_xphb","p":299,"s":5,"h":1,"r2":1,"lvl":5,"n":"Modify Memory"},{"id":395,"c":2,"u":"moonbeam_xphb","p":300,"s":5,"h":1,"r2":1,"lvl":2,"n":"Moonbeam"},{"id":396,"c":2,"u":"mordenkainen's%20faithful%20hound_xphb","p":300,"s":5,"h":1,"r2":1,"lvl":4,"n":"Mordenkainen's Faithful Hound"},{"id":397,"c":2,"u":"mordenkainen's%20faithful%20hound_xphb","p":300,"s":5,"h":1,"r2":1,"lvl":4,"n":"Faithful Hound"},{"id":398,"c":2,"u":"mordenkainen's%20magnificent%20mansion_xphb","p":300,"s":5,"h":1,"r2":1,"lvl":7,"n":"Mordenkainen's Magnificent Mansion"},{"id":399,"c":2,"u":"mordenkainen's%20magnificent%20mansion_xphb","p":300,"s":5,"h":1,"r2":1,"lvl":7,"n":"Magnificent Mansion"},{"id":400,"c":2,"u":"mordenkainen's%20private%20sanctum_xphb","p":301,"s":5,"h":1,"r2":1,"lvl":4,"n":"Mordenkainen's Private Sanctum"},{"id":401,"c":2,"u":"mordenkainen's%20private%20sanctum_xphb","p":301,"s":5,"h":1,"r2":1,"lvl":4,"n":"Private Sanctum"},{"id":402,"c":2,"u":"mordenkainen's%20sword_xphb","p":302,"s":5,"h":1,"r2":1,"lvl":7,"n":"Mordenkainen's Sword"},{"id":403,"c":2,"u":"mordenkainen's%20sword_xphb","p":302,"s":5,"h":1,"r2":1,"lvl":7,"n":"Arcane Sword"},{"id":404,"c":2,"u":"move%20earth_xphb","p":302,"s":5,"h":1,"r2":1,"lvl":6,"n":"Move Earth"},{"id":405,"c":2,"u":"nondetection_xphb","p":302,"s":5,"h":1,"r2":1,"lvl":3,"n":"Nondetection"},{"id":406,"c":2,"u":"nystul's%20magic%20aura_xphb","p":302,"s":5,"h":1,"r2":1,"lvl":2,"n":"Nystul's Magic Aura"},{"id":407,"c":2,"u":"nystul's%20magic%20aura_xphb","p":302,"s":5,"h":1,"r2":1,"lvl":2,"n":"Arcanist's Magic Aura"},{"id":408,"c":2,"u":"otiluke's%20freezing%20sphere_xphb","p":302,"s":5,"h":1,"r2":1,"lvl":6,"n":"Otiluke's Freezing Sphere"},{"id":409,"c":2,"u":"otiluke's%20freezing%20sphere_xphb","p":302,"s":5,"h":1,"r2":1,"lvl":6,"n":"Freezing Sphere"},{"id":410,"c":2,"u":"otiluke's%20resilient%20sphere_xphb","p":303,"s":5,"h":1,"r2":1,"lvl":4,"n":"Otiluke's Resilient Sphere"},{"id":411,"c":2,"u":"otiluke's%20resilient%20sphere_xphb","p":303,"s":5,"h":1,"r2":1,"lvl":4,"n":"Resilient Sphere"},{"id":412,"c":2,"u":"otto's%20irresistible%20dance_xphb","p":303,"s":5,"h":1,"r2":1,"lvl":6,"n":"Otto's Irresistible Dance"},{"id":413,"c":2,"u":"otto's%20irresistible%20dance_xphb","p":303,"s":5,"h":1,"r2":1,"lvl":6,"n":"Irresistible Dance"},{"id":414,"c":2,"u":"pass%20without%20trace_xphb","p":303,"s":5,"h":1,"r2":1,"lvl":2,"n":"Pass without Trace"},{"id":415,"c":2,"u":"passwall_xphb","p":304,"s":5,"h":1,"r2":1,"lvl":5,"n":"Passwall"},{"id":416,"c":2,"u":"phantasmal%20force_xphb","p":304,"s":5,"h":1,"r2":1,"lvl":2,"n":"Phantasmal Force"},{"id":417,"c":2,"u":"phantasmal%20killer_xphb","p":304,"s":5,"h":1,"r2":1,"lvl":4,"n":"Phantasmal Killer"},{"id":418,"c":2,"u":"phantom%20steed_xphb","p":304,"s":5,"h":1,"r2":1,"lvl":3,"n":"Phantom Steed"},{"id":419,"c":2,"u":"planar%20ally_xphb","p":304,"s":5,"h":1,"r2":1,"lvl":6,"n":"Planar Ally"},{"id":420,"c":2,"u":"planar%20binding_xphb","p":305,"s":5,"h":1,"r2":1,"lvl":5,"n":"Planar Binding"},{"id":421,"c":2,"u":"plane%20shift_xphb","p":305,"s":5,"h":1,"r2":1,"lvl":7,"n":"Plane Shift"},{"id":422,"c":2,"u":"plant%20growth_xphb","p":305,"s":5,"h":1,"r2":1,"lvl":3,"n":"Plant Growth"},{"id":423,"c":2,"u":"poison%20spray_xphb","p":306,"s":5,"h":1,"r2":1,"lvl":0,"n":"Poison Spray"},{"id":424,"c":2,"u":"polymorph_xphb","p":306,"s":5,"h":1,"r2":1,"lvl":4,"n":"Polymorph"},{"id":425,"c":2,"u":"power%20word%20fortify_xphb","p":306,"s":5,"h":1,"lvl":7,"n":"Power Word Fortify"},{"id":426,"c":2,"u":"power%20word%20heal_xphb","p":306,"s":5,"h":1,"r2":1,"lvl":9,"n":"Power Word Heal"},{"id":427,"c":2,"u":"power%20word%20kill_xphb","p":306,"s":5,"h":1,"r2":1,"lvl":9,"n":"Power Word Kill"},{"id":428,"c":2,"u":"power%20word%20stun_xphb","p":306,"s":5,"h":1,"r2":1,"lvl":8,"n":"Power Word Stun"},{"id":429,"c":2,"u":"prayer%20of%20healing_xphb","p":307,"s":5,"h":1,"r2":1,"lvl":2,"n":"Prayer of Healing"},{"id":430,"c":2,"u":"prestidigitation_xphb","p":307,"s":5,"h":1,"r2":1,"lvl":0,"n":"Prestidigitation"},{"id":431,"c":2,"u":"prismatic%20spray_xphb","p":307,"s":5,"h":1,"r2":1,"lvl":7,"n":"Prismatic Spray"},{"id":432,"c":2,"u":"prismatic%20wall_xphb","p":308,"s":5,"h":1,"r2":1,"lvl":9,"n":"Prismatic Wall"},{"id":433,"c":2,"u":"produce%20flame_xphb","p":308,"s":5,"h":1,"r2":1,"lvl":0,"n":"Produce Flame"},{"id":434,"c":2,"u":"programmed%20illusion_xphb","p":309,"s":5,"h":1,"r2":1,"lvl":6,"n":"Programmed Illusion"},{"id":435,"c":2,"u":"project%20image_xphb","p":309,"s":5,"h":1,"r2":1,"lvl":7,"n":"Project Image"},{"id":436,"c":2,"u":"protection%20from%20energy_xphb","p":309,"s":5,"h":1,"r2":1,"lvl":3,"n":"Protection from Energy"},{"id":437,"c":2,"u":"protection%20from%20evil%20and%20good_xphb","p":309,"s":5,"h":1,"r2":1,"lvl":1,"n":"Protection from Evil and Good"},{"id":438,"c":2,"u":"protection%20from%20poison_xphb","p":310,"s":5,"h":1,"r2":1,"lvl":2,"n":"Protection from Poison"},{"id":439,"c":2,"u":"purify%20food%20and%20drink_xphb","p":310,"s":5,"h":1,"r2":1,"lvl":1,"n":"Purify Food and Drink"},{"id":440,"c":2,"u":"raise%20dead_xphb","p":310,"s":5,"h":1,"r2":1,"lvl":5,"n":"Raise Dead"},{"id":441,"c":2,"u":"rary's%20telepathic%20bond_xphb","p":311,"s":5,"h":1,"r2":1,"lvl":5,"n":"Rary's Telepathic Bond"},{"id":442,"c":2,"u":"rary's%20telepathic%20bond_xphb","p":311,"s":5,"h":1,"r2":1,"lvl":5,"n":"Telepathic Bond"},{"id":443,"c":2,"u":"ray%20of%20enfeeblement_xphb","p":311,"s":5,"h":1,"r2":1,"lvl":2,"n":"Ray of Enfeeblement"},{"id":444,"c":2,"u":"ray%20of%20frost_xphb","p":311,"s":5,"h":1,"r2":1,"lvl":0,"n":"Ray of Frost"},{"id":445,"c":2,"u":"ray%20of%20sickness_xphb","p":311,"s":5,"h":1,"r2":1,"lvl":1,"n":"Ray of Sickness"},{"id":446,"c":2,"u":"regenerate_xphb","p":311,"s":5,"h":1,"r2":1,"lvl":7,"n":"Regenerate"},{"id":447,"c":2,"u":"reincarnate_xphb","p":311,"s":5,"h":1,"r2":1,"lvl":5,"n":"Reincarnate"},{"id":448,"c":2,"u":"remove%20curse_xphb","p":312,"s":5,"h":1,"r2":1,"lvl":3,"n":"Remove Curse"},{"id":449,"c":2,"u":"resistance_xphb","p":312,"s":5,"h":1,"r2":1,"lvl":0,"n":"Resistance"},{"id":450,"c":2,"u":"resurrection_xphb","p":312,"s":5,"h":1,"r2":1,"lvl":7,"n":"Resurrection"},{"id":451,"c":2,"u":"reverse%20gravity_xphb","p":312,"s":5,"h":1,"r2":1,"lvl":7,"n":"Reverse Gravity"},{"id":452,"c":2,"u":"revivify_xphb","p":312,"s":5,"h":1,"r2":1,"lvl":3,"n":"Revivify"},{"id":453,"c":2,"u":"rope%20trick_xphb","p":312,"s":5,"h":1,"r2":1,"lvl":2,"n":"Rope Trick"},{"id":454,"c":2,"u":"sacred%20flame_xphb","p":313,"s":5,"h":1,"r2":1,"lvl":0,"n":"Sacred Flame"},{"id":455,"c":2,"u":"sanctuary_xphb","p":313,"s":5,"h":1,"r2":1,"lvl":1,"n":"Sanctuary"},{"id":456,"c":2,"u":"scorching%20ray_xphb","p":313,"s":5,"h":1,"r2":1,"lvl":2,"n":"Scorching Ray"},{"id":457,"c":2,"u":"scrying_xphb","p":313,"s":5,"h":1,"r2":1,"lvl":5,"n":"Scrying"},{"id":458,"c":2,"u":"searing%20smite_xphb","p":314,"s":5,"h":1,"r2":1,"lvl":1,"n":"Searing Smite"},{"id":459,"c":2,"u":"see%20invisibility_xphb","p":314,"s":5,"h":1,"r2":1,"lvl":2,"n":"See Invisibility"},{"id":460,"c":2,"u":"seeming_xphb","p":314,"s":5,"h":1,"r2":1,"lvl":5,"n":"Seeming"},{"id":461,"c":2,"u":"sending_xphb","p":314,"s":5,"h":1,"r2":1,"lvl":3,"n":"Sending"},{"id":462,"c":2,"u":"sequester_xphb","p":315,"s":5,"h":1,"r2":1,"lvl":7,"n":"Sequester"},{"id":463,"c":2,"u":"shapechange_xphb","p":315,"s":5,"h":1,"r2":1,"lvl":9,"n":"Shapechange"},{"id":464,"c":2,"u":"shatter_xphb","p":316,"s":5,"h":1,"r2":1,"lvl":2,"n":"Shatter"},{"id":465,"c":2,"u":"shield_xphb","p":316,"s":5,"h":1,"r2":1,"lvl":1,"n":"Shield"},{"id":466,"c":2,"u":"shield%20of%20faith_xphb","p":316,"s":5,"h":1,"r2":1,"lvl":1,"n":"Shield of Faith"},{"id":467,"c":2,"u":"shillelagh_xphb","p":316,"s":5,"h":1,"r2":1,"lvl":0,"n":"Shillelagh"},{"id":468,"c":2,"u":"shining%20smite_xphb","p":316,"s":5,"h":1,"r2":1,"lvl":2,"n":"Shining Smite"},{"id":469,"c":2,"u":"shocking%20grasp_xphb","p":316,"s":5,"h":1,"r2":1,"lvl":0,"n":"Shocking Grasp"},{"id":470,"c":2,"u":"silence_xphb","p":316,"s":5,"h":1,"r2":1,"lvl":2,"n":"Silence"},{"id":471,"c":2,"u":"silent%20image_xphb","p":317,"s":5,"h":1,"r2":1,"lvl":1,"n":"Silent Image"},{"id":472,"c":2,"u":"simulacrum_xphb","p":317,"s":5,"h":1,"r2":1,"lvl":7,"n":"Simulacrum"},{"id":473,"c":2,"u":"sleep_xphb","p":317,"s":5,"h":1,"r2":1,"lvl":1,"n":"Sleep"},{"id":474,"c":2,"u":"sleet%20storm_xphb","p":317,"s":5,"h":1,"r2":1,"lvl":3,"n":"Sleet Storm"},{"id":475,"c":2,"u":"slow_xphb","p":318,"s":5,"h":1,"r2":1,"lvl":3,"n":"Slow"},{"id":476,"c":2,"u":"sorcerous%20burst_xphb","p":318,"s":5,"h":1,"r2":1,"lvl":0,"n":"Sorcerous Burst"},{"id":477,"c":2,"u":"spare%20the%20dying_xphb","p":318,"s":5,"h":1,"r2":1,"lvl":0,"n":"Spare the Dying"},{"id":478,"c":2,"u":"speak%20with%20animals_xphb","p":318,"s":5,"h":1,"r2":1,"lvl":1,"n":"Speak with Animals"},{"id":479,"c":2,"u":"speak%20with%20dead_xphb","p":318,"s":5,"h":1,"r2":1,"lvl":3,"n":"Speak with Dead"},{"id":480,"c":2,"u":"speak%20with%20plants_xphb","p":319,"s":5,"h":1,"r2":1,"lvl":3,"n":"Speak with Plants"},{"id":481,"c":2,"u":"spider%20climb_xphb","p":319,"s":5,"h":1,"r2":1,"lvl":2,"n":"Spider Climb"},{"id":482,"c":2,"u":"spike%20growth_xphb","p":319,"s":5,"h":1,"r2":1,"lvl":2,"n":"Spike Growth"},{"id":483,"c":2,"u":"spirit%20guardians_xphb","p":319,"s":5,"h":1,"r2":1,"lvl":3,"n":"Spirit Guardians"},{"id":484,"c":2,"u":"spiritual%20weapon_xphb","p":319,"s":5,"h":1,"r2":1,"lvl":2,"n":"Spiritual Weapon"},{"id":485,"c":2,"u":"staggering%20smite_xphb","p":320,"s":5,"h":1,"lvl":4,"n":"Staggering Smite"},{"id":486,"c":2,"u":"starry%20wisp_xphb","p":320,"s":5,"h":1,"r2":1,"lvl":0,"n":"Starry Wisp"},{"id":487,"c":2,"u":"steel%20wind%20strike_xphb","p":320,"s":5,"h":1,"lvl":5,"n":"Steel Wind Strike"},{"id":488,"c":2,"u":"stinking%20cloud_xphb","p":321,"s":5,"h":1,"r2":1,"lvl":3,"n":"Stinking Cloud"},{"id":489,"c":2,"u":"stone%20shape_xphb","p":321,"s":5,"h":1,"r2":1,"lvl":4,"n":"Stone Shape"},{"id":490,"c":2,"u":"stoneskin_xphb","p":321,"s":5,"h":1,"r2":1,"lvl":4,"n":"Stoneskin"},{"id":491,"c":2,"u":"storm%20of%20vengeance_xphb","p":321,"s":5,"h":1,"r2":1,"lvl":9,"n":"Storm of Vengeance"},{"id":492,"c":2,"u":"suggestion_xphb","p":321,"s":5,"h":1,"r2":1,"lvl":2,"n":"Suggestion"},{"id":493,"c":2,"u":"summon%20aberration_xphb","p":322,"s":5,"h":1,"lvl":4,"n":"Summon Aberration"},{"id":494,"c":2,"u":"summon%20beast_xphb","p":322,"s":5,"h":1,"lvl":2,"n":"Summon Beast"},{"id":495,"c":2,"u":"summon%20celestial_xphb","p":323,"s":5,"h":1,"lvl":5,"n":"Summon Celestial"},{"id":496,"c":2,"u":"summon%20construct_xphb","p":324,"s":5,"h":1,"lvl":4,"n":"Summon Construct"},{"id":497,"c":2,"u":"summon%20dragon_xphb","p":324,"s":5,"h":1,"r2":1,"lvl":5,"n":"Summon Dragon"},{"id":498,"c":2,"u":"summon%20elemental_xphb","p":325,"s":5,"h":1,"lvl":4,"n":"Summon Elemental"},{"id":499,"c":2,"u":"summon%20fey_xphb","p":326,"s":5,"h":1,"lvl":3,"n":"Summon Fey"},{"id":500,"c":2,"u":"summon%20fiend_xphb","p":326,"s":5,"h":1,"lvl":6,"n":"Summon Fiend"},{"id":501,"c":2,"u":"summon%20undead_xphb","p":328,"s":5,"h":1,"lvl":3,"n":"Summon Undead"},{"id":502,"c":2,"u":"sunbeam_xphb","p":329,"s":5,"h":1,"r2":1,"lvl":6,"n":"Sunbeam"},{"id":503,"c":2,"u":"sunburst_xphb","p":329,"s":5,"h":1,"r2":1,"lvl":8,"n":"Sunburst"},{"id":504,"c":2,"u":"swift%20quiver_xphb","p":329,"s":5,"h":1,"lvl":5,"n":"Swift Quiver"},{"id":505,"c":2,"u":"symbol_xphb","p":329,"s":5,"h":1,"r2":1,"lvl":7,"n":"Symbol"},{"id":506,"c":2,"u":"synaptic%20static_xphb","p":330,"s":5,"h":1,"lvl":5,"n":"Synaptic Static"},{"id":507,"c":2,"u":"tasha's%20bubbling%20cauldron_xphb","p":330,"s":5,"h":1,"lvl":6,"n":"Tasha's Bubbling Cauldron"},{"id":508,"c":2,"u":"tasha's%20hideous%20laughter_xphb","p":331,"s":5,"h":1,"r2":1,"lvl":1,"n":"Tasha's Hideous Laughter"},{"id":509,"c":2,"u":"tasha's%20hideous%20laughter_xphb","p":331,"s":5,"h":1,"r2":1,"lvl":1,"n":"Hideous Laughter"},{"id":510,"c":2,"u":"telekinesis_xphb","p":331,"s":5,"h":1,"r2":1,"lvl":5,"n":"Telekinesis"},{"id":511,"c":2,"u":"telepathy_xphb","p":331,"s":5,"h":1,"lvl":8,"n":"Telepathy"},{"id":512,"c":2,"u":"teleport_xphb","p":331,"s":5,"h":1,"r2":1,"lvl":7,"n":"Teleport"},{"id":513,"c":2,"u":"teleportation%20circle_xphb","p":332,"s":5,"h":1,"r2":1,"lvl":5,"n":"Teleportation Circle"},{"id":514,"c":2,"u":"tenser's%20floating%20disk_xphb","p":332,"s":5,"h":1,"r2":1,"lvl":1,"n":"Tenser's Floating Disk"},{"id":515,"c":2,"u":"tenser's%20floating%20disk_xphb","p":332,"s":5,"h":1,"r2":1,"lvl":1,"n":"Floating Disk"},{"id":516,"c":2,"u":"thaumaturgy_xphb","p":333,"s":5,"h":1,"r2":1,"lvl":0,"n":"Thaumaturgy"},{"id":517,"c":2,"u":"thorn%20whip_xphb","p":333,"s":5,"h":1,"lvl":0,"n":"Thorn Whip"},{"id":518,"c":2,"u":"thunderclap_xphb","p":333,"s":5,"h":1,"lvl":0,"n":"Thunderclap"},{"id":519,"c":2,"u":"thunderous%20smite_xphb","p":334,"s":5,"h":1,"lvl":1,"n":"Thunderous Smite"},{"id":520,"c":2,"u":"thunderwave_xphb","p":334,"s":5,"h":1,"r2":1,"lvl":1,"n":"Thunderwave"},{"id":521,"c":2,"u":"time%20stop_xphb","p":334,"s":5,"h":1,"r2":1,"lvl":9,"n":"Time Stop"},{"id":522,"c":2,"u":"toll%20the%20dead_xphb","p":334,"s":5,"h":1,"lvl":0,"n":"Toll the Dead"},{"id":523,"c":2,"u":"tongues_xphb","p":334,"s":5,"h":1,"r2":1,"lvl":3,"n":"Tongues"},{"id":524,"c":2,"u":"transport%20via%20plants_xphb","p":334,"s":5,"h":1,"r2":1,"lvl":6,"n":"Transport via Plants"},{"id":525,"c":2,"u":"tree%20stride_xphb","p":335,"s":5,"h":1,"r2":1,"lvl":5,"n":"Tree Stride"},{"id":526,"c":2,"u":"true%20polymorph_xphb","p":335,"s":5,"h":1,"r2":1,"lvl":9,"n":"True Polymorph"},{"id":527,"c":2,"u":"true%20resurrection_xphb","p":336,"s":5,"h":1,"r2":1,"lvl":9,"n":"True Resurrection"},{"id":528,"c":2,"u":"true%20seeing_xphb","p":336,"s":5,"h":1,"r2":1,"lvl":6,"n":"True Seeing"},{"id":529,"c":2,"u":"true%20strike_xphb","p":336,"s":5,"h":1,"r2":1,"lvl":0,"n":"True Strike"},{"id":530,"c":2,"u":"tsunami_xphb","p":336,"s":5,"h":1,"r2":1,"lvl":8,"n":"Tsunami"},{"id":531,"c":2,"u":"unseen%20servant_xphb","p":336,"s":5,"h":1,"r2":1,"lvl":1,"n":"Unseen Servant"},{"id":532,"c":2,"u":"vampiric%20touch_xphb","p":337,"s":5,"h":1,"r2":1,"lvl":3,"n":"Vampiric Touch"},{"id":533,"c":2,"u":"vicious%20mockery_xphb","p":337,"s":5,"h":1,"r2":1,"lvl":0,"n":"Vicious Mockery"},{"id":534,"c":2,"u":"vitriolic%20sphere_xphb","p":337,"s":5,"h":1,"r2":1,"lvl":4,"n":"Vitriolic Sphere"},{"id":535,"c":2,"u":"wall%20of%20fire_xphb","p":338,"s":5,"h":1,"r2":1,"lvl":4,"n":"Wall of Fire"},{"id":536,"c":2,"u":"wall%20of%20force_xphb","p":338,"s":5,"h":1,"r2":1,"lvl":5,"n":"Wall of Force"},{"id":537,"c":2,"u":"wall%20of%20ice_xphb","p":339,"s":5,"h":1,"r2":1,"lvl":6,"n":"Wall of Ice"},{"id":538,"c":2,"u":"wall%20of%20stone_xphb","p":339,"s":5,"h":1,"r2":1,"lvl":5,"n":"Wall of Stone"},{"id":539,"c":2,"u":"wall%20of%20thorns_xphb","p":339,"s":5,"h":1,"r2":1,"lvl":6,"n":"Wall of Thorns"},{"id":540,"c":2,"u":"warding%20bond_xphb","p":340,"s":5,"h":1,"r2":1,"lvl":2,"n":"Warding Bond"},{"id":541,"c":2,"u":"water%20breathing_xphb","p":340,"s":5,"h":1,"r2":1,"lvl":3,"n":"Water Breathing"},{"id":542,"c":2,"u":"water%20walk_xphb","p":340,"s":5,"h":1,"r2":1,"lvl":3,"n":"Water Walk"},{"id":543,"c":2,"u":"web_xphb","p":340,"s":5,"h":1,"r2":1,"lvl":2,"n":"Web"},{"id":544,"c":2,"u":"weird_xphb","p":341,"s":5,"h":1,"r2":1,"lvl":9,"n":"Weird"},{"id":545,"c":2,"u":"wind%20walk_xphb","p":341,"s":5,"h":1,"r2":1,"lvl":6,"n":"Wind Walk"},{"id":546,"c":2,"u":"wind%20wall_xphb","p":341,"s":5,"h":1,"r2":1,"lvl":3,"n":"Wind Wall"},{"id":547,"c":2,"u":"wish_xphb","p":341,"s":5,"h":1,"r2":1,"lvl":9,"n":"Wish"},{"id":548,"c":2,"u":"witch%20bolt_xphb","p":343,"s":5,"h":1,"lvl":1,"n":"Witch Bolt"},{"id":549,"c":2,"u":"word%20of%20radiance_xphb","p":343,"s":5,"h":1,"lvl":0,"n":"Word of Radiance"},{"id":550,"c":2,"u":"word%20of%20recall_xphb","p":343,"s":5,"h":1,"r2":1,"lvl":6,"n":"Word of Recall"},{"id":551,"c":2,"u":"wrathful%20smite_xphb","p":343,"s":5,"h":1,"lvl":1,"n":"Wrathful Smite"},{"id":552,"c":2,"u":"yolande's%20regal%20presence_xphb","p":343,"s":5,"h":1,"lvl":5,"n":"Yolande's Regal Presence"},{"id":553,"c":2,"u":"zone%20of%20truth_xphb","p":343,"s":5,"h":1,"r2":1,"lvl":2,"n":"Zone of Truth"},{"id":554,"c":2,"u":"air%20bubble_aag","p":22,"s":6,"h":1,"lvl":2,"n":"Air Bubble"},{"id":555,"c":2,"u":"create%20spelljamming%20helm_aag","p":22,"s":6,"h":1,"lvl":5,"n":"Create Spelljamming Helm"},{"id":556,"c":2,"u":"distort%20value_ai","p":75,"s":7,"h":1,"lvl":1,"n":"Distort Value"},{"id":557,"c":2,"u":"fast%20friends_ai","p":75,"s":7,"h":1,"lvl":3,"n":"Fast Friends"},{"id":558,"c":2,"u":"gift%20of%20gab_ai","p":76,"s":7,"h":1,"lvl":2,"n":"Gift of Gab"},{"id":559,"c":2,"u":"incite%20greed_ai","p":76,"s":7,"h":1,"lvl":3,"n":"Incite Greed"},{"id":560,"c":2,"u":"jim's%20glowing%20coin_ai","p":76,"s":7,"h":1,"lvl":2,"n":"Jim's Glowing Coin"},{"id":561,"c":2,"u":"jim's%20magic%20missile_ai","p":76,"s":7,"h":1,"lvl":1,"n":"Jim's Magic Missile"},{"id":562,"c":2,"u":"motivational%20speech_ai","p":77,"s":7,"h":1,"lvl":3,"n":"Motivational Speech"},{"id":563,"c":2,"u":"homunculus%20servant_efa","p":21,"s":8,"h":1,"lvl":2,"n":"Homunculus Servant"},{"id":564,"c":2,"u":"dark%20star_egw","p":186,"s":9,"h":1,"lvl":8,"n":"Dark Star"},{"id":565,"c":2,"u":"fortune's%20favor_egw","p":186,"s":9,"h":1,"lvl":2,"n":"Fortune's Favor"},{"id":566,"c":2,"u":"gift%20of%20alacrity_egw","p":186,"s":9,"h":1,"lvl":1,"n":"Gift of Alacrity"},{"id":567,"c":2,"u":"gravity%20fissure_egw","p":187,"s":9,"h":1,"lvl":6,"n":"Gravity Fissure"},{"id":568,"c":2,"u":"gravity%20sinkhole_egw","p":187,"s":9,"h":1,"lvl":4,"n":"Gravity Sinkhole"},{"id":569,"c":2,"u":"immovable%20object_egw","p":187,"s":9,"h":1,"lvl":2,"n":"Immovable Object"},{"id":570,"c":2,"u":"magnify%20gravity_egw","p":188,"s":9,"h":1,"lvl":1,"n":"Magnify Gravity"},{"id":571,"c":2,"u":"pulse%20wave_egw","p":188,"s":9,"h":1,"lvl":3,"n":"Pulse Wave"},{"id":572,"c":2,"u":"ravenous%20void_egw","p":188,"s":9,"h":1,"lvl":9,"n":"Ravenous Void"},{"id":573,"c":2,"u":"reality%20break_egw","p":189,"s":9,"h":1,"lvl":8,"n":"Reality Break"},{"id":574,"c":2,"u":"sapping%20sting_egw","p":189,"s":9,"h":1,"lvl":0,"n":"Sapping Sting"},{"id":575,"c":2,"u":"temporal%20shunt_egw","p":189,"s":9,"h":1,"lvl":5,"n":"Temporal Shunt"},{"id":576,"c":2,"u":"tether%20essence_egw","p":189,"s":9,"h":1,"lvl":7,"n":"Tether Essence"},{"id":577,"c":2,"u":"time%20ravage_egw","p":189,"s":9,"h":1,"lvl":9,"n":"Time Ravage"},{"id":578,"c":2,"u":"wristpocket_egw","p":190,"s":9,"h":1,"lvl":2,"n":"Wristpocket"},{"id":579,"c":2,"u":"encode%20thoughts_ggr","p":47,"s":10,"h":1,"lvl":0,"n":"Encode Thoughts"},{"id":580,"c":2,"u":"create%20magen_idrotf","p":318,"s":11,"h":1,"lvl":7,"n":"Create Magen"},{"id":581,"c":2,"u":"frost%20fingers_idrotf","p":318,"s":11,"h":1,"lvl":1,"n":"Frost Fingers"},{"id":582,"c":2,"u":"acid%20splash_phb","p":211,"s":12,"h":1,"r":1,"dR":1,"lvl":0,"n":"Acid Splash"},{"id":583,"c":2,"u":"aid_phb","p":211,"s":12,"h":1,"r":1,"dR":1,"lvl":2,"n":"Aid"},{"id":584,"c":2,"u":"alarm_phb","p":211,"s":12,"h":1,"r":1,"dR":1,"lvl":1,"n":"Alarm"},{"id":585,"c":2,"u":"alter%20self_phb","p":211,"s":12,"h":1,"r":1,"dR":1,"lvl":2,"n":"Alter Self"},{"id":586,"c":2,"u":"animal%20friendship_phb","p":212,"s":12,"h":1,"r":1,"dR":1,"lvl":1,"n":"Animal Friendship"},{"id":587,"c":2,"u":"animal%20messenger_phb","p":212,"s":12,"h":1,"r":1,"dR":1,"lvl":2,"n":"Animal Messenger"},{"id":588,"c":2,"u":"animal%20shapes_phb","p":212,"s":12,"h":1,"r":1,"dR":1,"lvl":8,"n":"Animal Shapes"},{"id":589,"c":2,"u":"animate%20dead_phb","p":212,"s":12,"h":1,"r":1,"dR":1,"lvl":3,"n":"Animate Dead"},{"id":590,"c":2,"u":"animate%20objects_phb","p":213,"s":12,"h":1,"r":1,"dR":1,"lvl":5,"n":"Animate Objects"},{"id":591,"c":2,"u":"antilife%20shell_phb","p":213,"s":12,"h":1,"r":1,"dR":1,"lvl":5,"n":"Antilife Shell"},{"id":592,"c":2,"u":"antimagic%20field_phb","p":213,"s":12,"h":1,"r":1,"dR":1,"lvl":8,"n":"Antimagic Field"},{"id":593,"c":2,"u":"antipathy%2fsympathy_phb","p":214,"s":12,"h":1,"r":1,"dR":1,"lvl":8,"n":"Antipathy/Sympathy"},{"id":594,"c":2,"u":"arcane%20eye_phb","p":214,"s":12,"h":1,"r":1,"dR":1,"lvl":4,"n":"Arcane Eye"},{"id":595,"c":2,"u":"arcane%20gate_phb","p":214,"s":12,"h":1,"dR":1,"lvl":6,"n":"Arcane Gate"},{"id":596,"c":2,"u":"arcane%20lock_phb","p":215,"s":12,"h":1,"r":1,"dR":1,"lvl":2,"n":"Arcane Lock"},{"id":597,"c":2,"u":"armor%20of%20agathys_phb","p":215,"s":12,"h":1,"dR":1,"lvl":1,"n":"Armor of Agathys"},{"id":598,"c":2,"u":"arms%20of%20hadar_phb","p":215,"s":12,"h":1,"dR":1,"lvl":1,"n":"Arms of Hadar"},{"id":599,"c":2,"u":"astral%20projection_phb","p":215,"s":12,"h":1,"r":1,"dR":1,"lvl":9,"n":"Astral Projection"},{"id":600,"c":2,"u":"augury_phb","p":215,"s":12,"h":1,"r":1,"dR":1,"lvl":2,"n":"Augury"},{"id":601,"c":2,"u":"aura%20of%20life_phb","p":216,"s":12,"h":1,"dR":1,"lvl":4,"n":"Aura of Life"},{"id":602,"c":2,"u":"aura%20of%20purity_phb","p":216,"s":12,"h":1,"dR":1,"lvl":4,"n":"Aura of Purity"},{"id":603,"c":2,"u":"aura%20of%20vitality_phb","p":216,"s":12,"h":1,"dR":1,"lvl":3,"n":"Aura of Vitality"},{"id":604,"c":2,"u":"awaken_phb","p":216,"s":12,"h":1,"r":1,"dR":1,"lvl":5,"n":"Awaken"},{"id":605,"c":2,"u":"bane_phb","p":216,"s":12,"h":1,"r":1,"dR":1,"lvl":1,"n":"Bane"},{"id":606,"c":2,"u":"banishing%20smite_phb","p":216,"s":12,"h":1,"dR":1,"lvl":5,"n":"Banishing Smite"},{"id":607,"c":2,"u":"banishment_phb","p":217,"s":12,"h":1,"r":1,"dR":1,"lvl":4,"n":"Banishment"},{"id":608,"c":2,"u":"barkskin_phb","p":217,"s":12,"h":1,"r":1,"dR":1,"lvl":2,"n":"Barkskin"},{"id":609,"c":2,"u":"beacon%20of%20hope_phb","p":217,"s":12,"h":1,"r":1,"dR":1,"lvl":3,"n":"Beacon of Hope"},{"id":610,"c":2,"u":"beast%20sense_phb","p":217,"s":12,"h":1,"dR":1,"lvl":2,"n":"Beast Sense"},{"id":611,"c":2,"u":"bestow%20curse_phb","p":218,"s":12,"h":1,"r":1,"dR":1,"lvl":3,"n":"Bestow Curse"},{"id":612,"c":2,"u":"bigby's%20hand_phb","p":218,"s":12,"h":1,"r":1,"dR":1,"lvl":5,"n":"Bigby's Hand"},{"id":613,"c":2,"u":"bigby's%20hand_phb","p":218,"s":12,"h":1,"r":1,"dR":1,"lvl":5,"n":"Arcane Hand"},{"id":614,"c":2,"u":"blade%20barrier_phb","p":218,"s":12,"h":1,"r":1,"dR":1,"lvl":6,"n":"Blade Barrier"},{"id":615,"c":2,"u":"blade%20ward_phb","p":218,"s":12,"h":1,"dR":1,"lvl":0,"n":"Blade Ward"},{"id":616,"c":2,"u":"bless_phb","p":219,"s":12,"h":1,"r":1,"dR":1,"lvl":1,"n":"Bless"},{"id":617,"c":2,"u":"blight_phb","p":219,"s":12,"h":1,"r":1,"dR":1,"lvl":4,"n":"Blight"},{"id":618,"c":2,"u":"blinding%20smite_phb","p":219,"s":12,"h":1,"dR":1,"lvl":3,"n":"Blinding Smite"},{"id":619,"c":2,"u":"blindness%2fdeafness_phb","p":219,"s":12,"h":1,"r":1,"dR":1,"lvl":2,"n":"Blindness/Deafness"},{"id":620,"c":2,"u":"blink_phb","p":219,"s":12,"h":1,"r":1,"dR":1,"lvl":3,"n":"Blink"},{"id":621,"c":2,"u":"blur_phb","p":219,"s":12,"h":1,"r":1,"dR":1,"lvl":2,"n":"Blur"},{"id":622,"c":2,"u":"branding%20smite_phb","p":219,"s":12,"h":1,"r":1,"dR":1,"lvl":2,"n":"Branding Smite"},{"id":623,"c":2,"u":"burning%20hands_phb","p":220,"s":12,"h":1,"r":1,"dR":1,"lvl":1,"n":"Burning Hands"},{"id":624,"c":2,"u":"call%20lightning_phb","p":220,"s":12,"h":1,"r":1,"dR":1,"lvl":3,"n":"Call Lightning"},{"id":625,"c":2,"u":"calm%20emotions_phb","p":221,"s":12,"h":1,"r":1,"dR":1,"lvl":2,"n":"Calm Emotions"},{"id":626,"c":2,"u":"chain%20lightning_phb","p":221,"s":12,"h":1,"r":1,"dR":1,"lvl":6,"n":"Chain Lightning"},{"id":627,"c":2,"u":"charm%20person_phb","p":221,"s":12,"h":1,"r":1,"dR":1,"lvl":1,"n":"Charm Person"},{"id":628,"c":2,"u":"chill%20touch_phb","p":221,"s":12,"h":1,"r":1,"dR":1,"lvl":0,"n":"Chill Touch"},{"id":629,"c":2,"u":"chromatic%20orb_phb","p":221,"s":12,"h":1,"dR":1,"lvl":1,"n":"Chromatic Orb"},{"id":630,"c":2,"u":"circle%20of%20death_phb","p":221,"s":12,"h":1,"r":1,"dR":1,"lvl":6,"n":"Circle of Death"},{"id":631,"c":2,"u":"circle%20of%20power_phb","p":221,"s":12,"h":1,"dR":1,"lvl":5,"n":"Circle of Power"},{"id":632,"c":2,"u":"clairvoyance_phb","p":222,"s":12,"h":1,"r":1,"dR":1,"lvl":3,"n":"Clairvoyance"},{"id":633,"c":2,"u":"clone_phb","p":222,"s":12,"h":1,"r":1,"dR":1,"lvl":8,"n":"Clone"},{"id":634,"c":2,"u":"cloud%20of%20daggers_phb","p":222,"s":12,"h":1,"dR":1,"lvl":2,"n":"Cloud of Daggers"},{"id":635,"c":2,"u":"cloudkill_phb","p":222,"s":12,"h":1,"r":1,"dR":1,"lvl":5,"n":"Cloudkill"},{"id":636,"c":2,"u":"color%20spray_phb","p":222,"s":12,"h":1,"r":1,"dR":1,"lvl":1,"n":"Color Spray"},{"id":637,"c":2,"u":"command_phb","p":223,"s":12,"h":1,"r":1,"dR":1,"lvl":1,"n":"Command"},{"id":638,"c":2,"u":"commune_phb","p":223,"s":12,"h":1,"r":1,"dR":1,"lvl":5,"n":"Commune"},{"id":639,"c":2,"u":"commune%20with%20nature_phb","p":224,"s":12,"h":1,"r":1,"dR":1,"lvl":5,"n":"Commune with Nature"},{"id":640,"c":2,"u":"compelled%20duel_phb","p":224,"s":12,"h":1,"dR":1,"lvl":1,"n":"Compelled Duel"},{"id":641,"c":2,"u":"comprehend%20languages_phb","p":224,"s":12,"h":1,"r":1,"dR":1,"lvl":1,"n":"Comprehend Languages"},{"id":642,"c":2,"u":"compulsion_phb","p":224,"s":12,"h":1,"r":1,"dR":1,"lvl":4,"n":"Compulsion"},{"id":643,"c":2,"u":"cone%20of%20cold_phb","p":224,"s":12,"h":1,"r":1,"dR":1,"lvl":5,"n":"Cone of Cold"},{"id":644,"c":2,"u":"confusion_phb","p":224,"s":12,"h":1,"r":1,"dR":1,"lvl":4,"n":"Confusion"},{"id":645,"c":2,"u":"conjure%20animals_phb","p":225,"s":12,"h":1,"r":1,"dR":1,"lvl":3,"n":"Conjure Animals"},{"id":646,"c":2,"u":"conjure%20barrage_phb","p":225,"s":12,"h":1,"dR":1,"lvl":3,"n":"Conjure Barrage"},{"id":647,"c":2,"u":"conjure%20celestial_phb","p":225,"s":12,"h":1,"r":1,"dR":1,"lvl":7,"n":"Conjure Celestial"},{"id":648,"c":2,"u":"conjure%20elemental_phb","p":225,"s":12,"h":1,"r":1,"dR":1,"lvl":5,"n":"Conjure Elemental"},{"id":649,"c":2,"u":"conjure%20fey_phb","p":226,"s":12,"h":1,"r":1,"dR":1,"lvl":6,"n":"Conjure Fey"},{"id":650,"c":2,"u":"conjure%20minor%20elementals_phb","p":226,"s":12,"h":1,"r":1,"dR":1,"lvl":4,"n":"Conjure Minor Elementals"},{"id":651,"c":2,"u":"conjure%20volley_phb","p":226,"s":12,"h":1,"dR":1,"lvl":5,"n":"Conjure Volley"},{"id":652,"c":2,"u":"conjure%20woodland%20beings_phb","p":226,"s":12,"h":1,"r":1,"dR":1,"lvl":4,"n":"Conjure Woodland Beings"},{"id":653,"c":2,"u":"contact%20other%20plane_phb","p":226,"s":12,"h":1,"r":1,"dR":1,"lvl":5,"n":"Contact Other Plane"},{"id":654,"c":2,"u":"contagion_phb","p":227,"s":12,"h":1,"r":1,"dR":1,"lvl":5,"n":"Contagion"},{"id":655,"c":2,"u":"contingency_phb","p":227,"s":12,"h":1,"r":1,"dR":1,"lvl":6,"n":"Contingency"},{"id":656,"c":2,"u":"continual%20flame_phb","p":227,"s":12,"h":1,"r":1,"dR":1,"lvl":2,"n":"Continual Flame"},{"id":657,"c":2,"u":"control%20water_phb","p":227,"s":12,"h":1,"r":1,"dR":1,"lvl":4,"n":"Control Water"},{"id":658,"c":2,"u":"control%20weather_phb","p":228,"s":12,"h":1,"r":1,"dR":1,"lvl":8,"n":"Control Weather"},{"id":659,"c":2,"u":"cordon%20of%20arrows_phb","p":228,"s":12,"h":1,"dR":1,"lvl":2,"n":"Cordon of Arrows"},{"id":660,"c":2,"u":"counterspell_phb","p":228,"s":12,"h":1,"r":1,"dR":1,"lvl":3,"n":"Counterspell"},{"id":661,"c":2,"u":"create%20food%20and%20water_phb","p":229,"s":12,"h":1,"r":1,"dR":1,"lvl":3,"n":"Create Food and Water"},{"id":662,"c":2,"u":"create%20or%20destroy%20water_phb","p":229,"s":12,"h":1,"r":1,"dR":1,"lvl":1,"n":"Create or Destroy Water"},{"id":663,"c":2,"u":"create%20undead_phb","p":229,"s":12,"h":1,"r":1,"dR":1,"lvl":6,"n":"Create Undead"},{"id":664,"c":2,"u":"creation_phb","p":229,"s":12,"h":1,"r":1,"dR":1,"lvl":5,"n":"Creation"},{"id":665,"c":2,"u":"crown%20of%20madness_phb","p":229,"s":12,"h":1,"dR":1,"lvl":2,"n":"Crown of Madness"},{"id":666,"c":2,"u":"crusader's%20mantle_phb","p":230,"s":12,"h":1,"dR":1,"lvl":3,"n":"Crusader's Mantle"},{"id":667,"c":2,"u":"cure%20wounds_phb","p":230,"s":12,"h":1,"r":1,"dR":1,"lvl":1,"n":"Cure Wounds"},{"id":668,"c":2,"u":"dancing%20lights_phb","p":230,"s":12,"h":1,"r":1,"dR":1,"lvl":0,"n":"Dancing Lights"},{"id":669,"c":2,"u":"darkness_phb","p":230,"s":12,"h":1,"r":1,"dR":1,"lvl":2,"n":"Darkness"},{"id":670,"c":2,"u":"darkvision_phb","p":230,"s":12,"h":1,"r":1,"dR":1,"lvl":2,"n":"Darkvision"},{"id":671,"c":2,"u":"daylight_phb","p":230,"s":12,"h":1,"r":1,"dR":1,"lvl":3,"n":"Daylight"},{"id":672,"c":2,"u":"death%20ward_phb","p":230,"s":12,"h":1,"r":1,"dR":1,"lvl":4,"n":"Death Ward"},{"id":673,"c":2,"u":"delayed%20blast%20fireball_phb","p":230,"s":12,"h":1,"r":1,"dR":1,"lvl":7,"n":"Delayed Blast Fireball"},{"id":674,"c":2,"u":"demiplane_phb","p":231,"s":12,"h":1,"r":1,"dR":1,"lvl":8,"n":"Demiplane"},{"id":675,"c":2,"u":"destructive%20wave_phb","p":231,"s":12,"h":1,"dR":1,"lvl":5,"n":"Destructive Wave"},{"id":676,"c":2,"u":"detect%20evil%20and%20good_phb","p":231,"s":12,"h":1,"r":1,"dR":1,"lvl":1,"n":"Detect Evil and Good"},{"id":677,"c":2,"u":"detect%20magic_phb","p":231,"s":12,"h":1,"r":1,"dR":1,"lvl":1,"n":"Detect Magic"},{"id":678,"c":2,"u":"detect%20poison%20and%20disease_phb","p":231,"s":12,"h":1,"r":1,"dR":1,"lvl":1,"n":"Detect Poison and Disease"},{"id":679,"c":2,"u":"detect%20thoughts_phb","p":231,"s":12,"h":1,"r":1,"dR":1,"lvl":2,"n":"Detect Thoughts"},{"id":680,"c":2,"u":"dimension%20door_phb","p":233,"s":12,"h":1,"r":1,"dR":1,"lvl":4,"n":"Dimension Door"},{"id":681,"c":2,"u":"disguise%20self_phb","p":233,"s":12,"h":1,"r":1,"dR":1,"lvl":1,"n":"Disguise Self"},{"id":682,"c":2,"u":"disintegrate_phb","p":233,"s":12,"h":1,"r":1,"dR":1,"lvl":6,"n":"Disintegrate"},{"id":683,"c":2,"u":"dispel%20evil%20and%20good_phb","p":233,"s":12,"h":1,"r":1,"dR":1,"lvl":5,"n":"Dispel Evil and Good"},{"id":684,"c":2,"u":"dispel%20magic_phb","p":234,"s":12,"h":1,"r":1,"dR":1,"lvl":3,"n":"Dispel Magic"},{"id":685,"c":2,"u":"dissonant%20whispers_phb","p":234,"s":12,"h":1,"dR":1,"lvl":1,"n":"Dissonant Whispers"},{"id":686,"c":2,"u":"divination_phb","p":234,"s":12,"h":1,"r":1,"dR":1,"lvl":4,"n":"Divination"},{"id":687,"c":2,"u":"divine%20favor_phb","p":234,"s":12,"h":1,"r":1,"dR":1,"lvl":1,"n":"Divine Favor"},{"id":688,"c":2,"u":"divine%20word_phb","p":234,"s":12,"h":1,"r":1,"dR":1,"lvl":7,"n":"Divine Word"},{"id":689,"c":2,"u":"dominate%20beast_phb","p":234,"s":12,"h":1,"r":1,"dR":1,"lvl":4,"n":"Dominate Beast"},{"id":690,"c":2,"u":"dominate%20monster_phb","p":235,"s":12,"h":1,"r":1,"dR":1,"lvl":8,"n":"Dominate Monster"},{"id":691,"c":2,"u":"dominate%20person_phb","p":235,"s":12,"h":1,"r":1,"dR":1,"lvl":5,"n":"Dominate Person"},{"id":692,"c":2,"u":"drawmij's%20instant%20summons_phb","p":235,"s":12,"h":1,"r":1,"dR":1,"lvl":6,"n":"Drawmij's Instant Summons"},{"id":693,"c":2,"u":"drawmij's%20instant%20summons_phb","p":235,"s":12,"h":1,"r":1,"dR":1,"lvl":6,"n":"Instant Summons"},{"id":694,"c":2,"u":"dream_phb","p":236,"s":12,"h":1,"r":1,"dR":1,"lvl":5,"n":"Dream"},{"id":695,"c":2,"u":"druidcraft_phb","p":236,"s":12,"h":1,"r":1,"dR":1,"lvl":0,"n":"Druidcraft"},{"id":696,"c":2,"u":"earthquake_phb","p":236,"s":12,"h":1,"r":1,"dR":1,"lvl":8,"n":"Earthquake"},{"id":697,"c":2,"u":"eldritch%20blast_phb","p":237,"s":12,"h":1,"r":1,"dR":1,"lvl":0,"n":"Eldritch Blast"},{"id":698,"c":2,"u":"elemental%20weapon_phb","p":237,"s":12,"h":1,"dR":1,"lvl":3,"n":"Elemental Weapon"},{"id":699,"c":2,"u":"enhance%20ability_phb","p":237,"s":12,"h":1,"r":1,"dR":1,"lvl":2,"n":"Enhance Ability"},{"id":700,"c":2,"u":"enlarge%2freduce_phb","p":237,"s":12,"h":1,"r":1,"dR":1,"lvl":2,"n":"Enlarge/Reduce"},{"id":701,"c":2,"u":"ensnaring%20strike_phb","p":237,"s":12,"h":1,"dR":1,"lvl":1,"n":"Ensnaring Strike"},{"id":702,"c":2,"u":"entangle_phb","p":238,"s":12,"h":1,"r":1,"dR":1,"lvl":1,"n":"Entangle"},{"id":703,"c":2,"u":"enthrall_phb","p":238,"s":12,"h":1,"r":1,"dR":1,"lvl":2,"n":"Enthrall"},{"id":704,"c":2,"u":"etherealness_phb","p":238,"s":12,"h":1,"r":1,"dR":1,"lvl":7,"n":"Etherealness"},{"id":705,"c":2,"u":"evard's%20black%20tentacles_phb","p":238,"s":12,"h":1,"r":1,"dR":1,"lvl":4,"n":"Evard's Black Tentacles"},{"id":706,"c":2,"u":"evard's%20black%20tentacles_phb","p":238,"s":12,"h":1,"r":1,"dR":1,"lvl":4,"n":"Black Tentacles"},{"id":707,"c":2,"u":"expeditious%20retreat_phb","p":238,"s":12,"h":1,"r":1,"dR":1,"lvl":1,"n":"Expeditious Retreat"},{"id":708,"c":2,"u":"eyebite_phb","p":238,"s":12,"h":1,"r":1,"dR":1,"lvl":6,"n":"Eyebite"},{"id":709,"c":2,"u":"fabricate_phb","p":239,"s":12,"h":1,"r":1,"dR":1,"lvl":4,"n":"Fabricate"},{"id":710,"c":2,"u":"faerie%20fire_phb","p":239,"s":12,"h":1,"r":1,"dR":1,"lvl":1,"n":"Faerie Fire"},{"id":711,"c":2,"u":"false%20life_phb","p":239,"s":12,"h":1,"r":1,"dR":1,"lvl":1,"n":"False Life"},{"id":712,"c":2,"u":"fear_phb","p":239,"s":12,"h":1,"r":1,"dR":1,"lvl":3,"n":"Fear"},{"id":713,"c":2,"u":"feather%20fall_phb","p":239,"s":12,"h":1,"r":1,"dR":1,"lvl":1,"n":"Feather Fall"},{"id":714,"c":2,"u":"feeblemind_phb","p":239,"s":12,"h":1,"r":1,"dR":1,"lvl":8,"n":"Feeblemind"},{"id":715,"c":2,"u":"feign%20death_phb","p":240,"s":12,"h":1,"dR":1,"lvl":3,"n":"Feign Death"},{"id":716,"c":2,"u":"find%20familiar_phb","p":240,"s":12,"h":1,"r":1,"dR":1,"lvl":1,"n":"Find Familiar"},{"id":717,"c":2,"u":"find%20steed_phb","p":240,"s":12,"h":1,"r":1,"dR":1,"lvl":2,"n":"Find Steed"},{"id":718,"c":2,"u":"find%20the%20path_phb","p":240,"s":12,"h":1,"r":1,"dR":1,"lvl":6,"n":"Find the Path"},{"id":719,"c":2,"u":"find%20traps_phb","p":241,"s":12,"h":1,"r":1,"dR":1,"lvl":2,"n":"Find Traps"},{"id":720,"c":2,"u":"finger%20of%20death_phb","p":241,"s":12,"h":1,"r":1,"dR":1,"lvl":7,"n":"Finger of Death"},{"id":721,"c":2,"u":"fire%20bolt_phb","p":242,"s":12,"h":1,"r":1,"dR":1,"lvl":0,"n":"Fire Bolt"},{"id":722,"c":2,"u":"fire%20bolt_phb","p":242,"s":12,"h":1,"r":1,"dR":1,"lvl":0,"n":"Firebolt"},{"id":723,"c":2,"u":"fire%20shield_phb","p":242,"s":12,"h":1,"r":1,"dR":1,"lvl":4,"n":"Fire Shield"},{"id":724,"c":2,"u":"fire%20storm_phb","p":242,"s":12,"h":1,"r":1,"dR":1,"lvl":7,"n":"Fire Storm"},{"id":725,"c":2,"u":"fireball_phb","p":241,"s":12,"h":1,"r":1,"dR":1,"lvl":3,"n":"Fireball"},{"id":726,"c":2,"u":"flame%20blade_phb","p":242,"s":12,"h":1,"r":1,"dR":1,"lvl":2,"n":"Flame Blade"},{"id":727,"c":2,"u":"flame%20strike_phb","p":242,"s":12,"h":1,"r":1,"dR":1,"lvl":5,"n":"Flame Strike"},{"id":728,"c":2,"u":"flaming%20sphere_phb","p":242,"s":12,"h":1,"r":1,"dR":1,"lvl":2,"n":"Flaming Sphere"},{"id":729,"c":2,"u":"flesh%20to%20stone_phb","p":243,"s":12,"h":1,"r":1,"dR":1,"lvl":6,"n":"Flesh to Stone"},{"id":730,"c":2,"u":"fly_phb","p":243,"s":12,"h":1,"r":1,"dR":1,"lvl":3,"n":"Fly"},{"id":731,"c":2,"u":"fog%20cloud_phb","p":243,"s":12,"h":1,"r":1,"dR":1,"lvl":1,"n":"Fog Cloud"},{"id":732,"c":2,"u":"forbiddance_phb","p":243,"s":12,"h":1,"r":1,"dR":1,"lvl":6,"n":"Forbiddance"},{"id":733,"c":2,"u":"forcecage_phb","p":243,"s":12,"h":1,"r":1,"dR":1,"lvl":7,"n":"Forcecage"},{"id":734,"c":2,"u":"foresight_phb","p":244,"s":12,"h":1,"r":1,"dR":1,"lvl":9,"n":"Foresight"},{"id":735,"c":2,"u":"freedom%20of%20movement_phb","p":244,"s":12,"h":1,"r":1,"dR":1,"lvl":4,"n":"Freedom of Movement"},{"id":736,"c":2,"u":"friends_phb","p":244,"s":12,"h":1,"dR":1,"lvl":0,"n":"Friends"},{"id":737,"c":2,"u":"gaseous%20form_phb","p":244,"s":12,"h":1,"r":1,"dR":1,"lvl":3,"n":"Gaseous Form"},{"id":738,"c":2,"u":"gate_phb","p":244,"s":12,"h":1,"r":1,"dR":1,"lvl":9,"n":"Gate"},{"id":739,"c":2,"u":"geas_phb","p":244,"s":12,"h":1,"r":1,"dR":1,"lvl":5,"n":"Geas"},{"id":740,"c":2,"u":"gentle%20repose_phb","p":245,"s":12,"h":1,"r":1,"dR":1,"lvl":2,"n":"Gentle Repose"},{"id":741,"c":2,"u":"giant%20insect_phb","p":245,"s":12,"h":1,"r":1,"dR":1,"lvl":4,"n":"Giant Insect"},{"id":742,"c":2,"u":"glibness_phb","p":245,"s":12,"h":1,"r":1,"dR":1,"lvl":8,"n":"Glibness"},{"id":743,"c":2,"u":"globe%20of%20invulnerability_phb","p":245,"s":12,"h":1,"r":1,"dR":1,"lvl":6,"n":"Globe of Invulnerability"},{"id":744,"c":2,"u":"glyph%20of%20warding_phb","p":245,"s":12,"h":1,"r":1,"dR":1,"lvl":3,"n":"Glyph of Warding"},{"id":745,"c":2,"u":"goodberry_phb","p":246,"s":12,"h":1,"r":1,"dR":1,"lvl":1,"n":"Goodberry"},{"id":746,"c":2,"u":"grasping%20vine_phb","p":246,"s":12,"h":1,"dR":1,"lvl":4,"n":"Grasping Vine"},{"id":747,"c":2,"u":"grease_phb","p":246,"s":12,"h":1,"r":1,"dR":1,"lvl":1,"n":"Grease"},{"id":748,"c":2,"u":"greater%20invisibility_phb","p":246,"s":12,"h":1,"r":1,"dR":1,"lvl":4,"n":"Greater Invisibility"},{"id":749,"c":2,"u":"greater%20restoration_phb","p":246,"s":12,"h":1,"r":1,"dR":1,"lvl":5,"n":"Greater Restoration"},{"id":750,"c":2,"u":"guardian%20of%20faith_phb","p":246,"s":12,"h":1,"r":1,"dR":1,"lvl":4,"n":"Guardian of Faith"},{"id":751,"c":2,"u":"guards%20and%20wards_phb","p":248,"s":12,"h":1,"r":1,"dR":1,"lvl":6,"n":"Guards and Wards"},{"id":752,"c":2,"u":"guidance_phb","p":248,"s":12,"h":1,"r":1,"dR":1,"lvl":0,"n":"Guidance"},{"id":753,"c":2,"u":"guiding%20bolt_phb","p":248,"s":12,"h":1,"r":1,"dR":1,"lvl":1,"n":"Guiding Bolt"},{"id":754,"c":2,"u":"gust%20of%20wind_phb","p":248,"s":12,"h":1,"r":1,"dR":1,"lvl":2,"n":"Gust of Wind"},{"id":755,"c":2,"u":"hail%20of%20thorns_phb","p":249,"s":12,"h":1,"dR":1,"lvl":1,"n":"Hail of Thorns"},{"id":756,"c":2,"u":"hallow_phb","p":249,"s":12,"h":1,"r":1,"dR":1,"lvl":5,"n":"Hallow"},{"id":757,"c":2,"u":"hallucinatory%20terrain_phb","p":249,"s":12,"h":1,"r":1,"dR":1,"lvl":4,"n":"Hallucinatory Terrain"},{"id":758,"c":2,"u":"harm_phb","p":249,"s":12,"h":1,"r":1,"dR":1,"lvl":6,"n":"Harm"},{"id":759,"c":2,"u":"haste_phb","p":250,"s":12,"h":1,"r":1,"dR":1,"lvl":3,"n":"Haste"},{"id":760,"c":2,"u":"heal_phb","p":250,"s":12,"h":1,"r":1,"dR":1,"lvl":6,"n":"Heal"},{"id":761,"c":2,"u":"healing%20word_phb","p":250,"s":12,"h":1,"r":1,"dR":1,"lvl":1,"n":"Healing Word"},{"id":762,"c":2,"u":"heat%20metal_phb","p":250,"s":12,"h":1,"r":1,"dR":1,"lvl":2,"n":"Heat Metal"},{"id":763,"c":2,"u":"hellish%20rebuke_phb","p":250,"s":12,"h":1,"r":1,"dR":1,"lvl":1,"n":"Hellish Rebuke"},{"id":764,"c":2,"u":"heroes'%20feast_phb","p":250,"s":12,"h":1,"r":1,"dR":1,"lvl":6,"n":"Heroes' Feast"},{"id":765,"c":2,"u":"heroism_phb","p":250,"s":12,"h":1,"r":1,"dR":1,"lvl":1,"n":"Heroism"},{"id":766,"c":2,"u":"hex_phb","p":251,"s":12,"h":1,"dR":1,"lvl":1,"n":"Hex"},{"id":767,"c":2,"u":"hold%20monster_phb","p":251,"s":12,"h":1,"r":1,"dR":1,"lvl":5,"n":"Hold Monster"},{"id":768,"c":2,"u":"hold%20person_phb","p":251,"s":12,"h":1,"r":1,"dR":1,"lvl":2,"n":"Hold Person"},{"id":769,"c":2,"u":"holy%20aura_phb","p":251,"s":12,"h":1,"r":1,"dR":1,"lvl":8,"n":"Holy Aura"},{"id":770,"c":2,"u":"hunger%20of%20hadar_phb","p":251,"s":12,"h":1,"dR":1,"lvl":3,"n":"Hunger of Hadar"},{"id":771,"c":2,"u":"hunter's%20mark_phb","p":251,"s":12,"h":1,"r":1,"dR":1,"lvl":1,"n":"Hunter's Mark"},{"id":772,"c":2,"u":"hypnotic%20pattern_phb","p":252,"s":12,"h":1,"r":1,"dR":1,"lvl":3,"n":"Hypnotic Pattern"},{"id":773,"c":2,"u":"ice%20storm_phb","p":252,"s":12,"h":1,"r":1,"dR":1,"lvl":4,"n":"Ice Storm"},{"id":774,"c":2,"u":"identify_phb","p":252,"s":12,"h":1,"r":1,"dR":1,"lvl":1,"n":"Identify"},{"id":775,"c":2,"u":"illusory%20script_phb","p":252,"s":12,"h":1,"r":1,"dR":1,"lvl":1,"n":"Illusory Script"},{"id":776,"c":2,"u":"imprisonment_phb","p":252,"s":12,"h":1,"r":1,"dR":1,"lvl":9,"n":"Imprisonment"},{"id":777,"c":2,"u":"incendiary%20cloud_phb","p":253,"s":12,"h":1,"r":1,"dR":1,"lvl":8,"n":"Incendiary Cloud"},{"id":778,"c":2,"u":"inflict%20wounds_phb","p":253,"s":12,"h":1,"r":1,"dR":1,"lvl":1,"n":"Inflict Wounds"},{"id":779,"c":2,"u":"insect%20plague_phb","p":254,"s":12,"h":1,"r":1,"dR":1,"lvl":5,"n":"Insect Plague"},{"id":780,"c":2,"u":"invisibility_phb","p":254,"s":12,"h":1,"r":1,"dR":1,"lvl":2,"n":"Invisibility"},{"id":781,"c":2,"u":"jump_phb","p":254,"s":12,"h":1,"r":1,"dR":1,"lvl":1,"n":"Jump"},{"id":782,"c":2,"u":"knock_phb","p":254,"s":12,"h":1,"r":1,"dR":1,"lvl":2,"n":"Knock"},{"id":783,"c":2,"u":"legend%20lore_phb","p":254,"s":12,"h":1,"r":1,"dR":1,"lvl":5,"n":"Legend Lore"},{"id":784,"c":2,"u":"leomund's%20secret%20chest_phb","p":254,"s":12,"h":1,"r":1,"dR":1,"lvl":4,"n":"Leomund's Secret Chest"},{"id":785,"c":2,"u":"leomund's%20secret%20chest_phb","p":254,"s":12,"h":1,"r":1,"dR":1,"lvl":4,"n":"Secret Chest"},{"id":786,"c":2,"u":"leomund's%20tiny%20hut_phb","p":255,"s":12,"h":1,"r":1,"dR":1,"lvl":3,"n":"Leomund's Tiny Hut"},{"id":787,"c":2,"u":"leomund's%20tiny%20hut_phb","p":255,"s":12,"h":1,"r":1,"dR":1,"lvl":3,"n":"Tiny Hut"},{"id":788,"c":2,"u":"lesser%20restoration_phb","p":255,"s":12,"h":1,"r":1,"dR":1,"lvl":2,"n":"Lesser Restoration"},{"id":789,"c":2,"u":"levitate_phb","p":255,"s":12,"h":1,"r":1,"dR":1,"lvl":2,"n":"Levitate"},{"id":790,"c":2,"u":"light_phb","p":255,"s":12,"h":1,"r":1,"dR":1,"lvl":0,"n":"Light"},{"id":791,"c":2,"u":"lightning%20arrow_phb","p":255,"s":12,"h":1,"dR":1,"lvl":3,"n":"Lightning Arrow"},{"id":792,"c":2,"u":"lightning%20bolt_phb","p":255,"s":12,"h":1,"r":1,"dR":1,"lvl":3,"n":"Lightning Bolt"},{"id":793,"c":2,"u":"locate%20animals%20or%20plants_phb","p":256,"s":12,"h":1,"r":1,"dR":1,"lvl":2,"n":"Locate Animals or Plants"},{"id":794,"c":2,"u":"locate%20creature_phb","p":256,"s":12,"h":1,"r":1,"dR":1,"lvl":4,"n":"Locate Creature"},{"id":795,"c":2,"u":"locate%20object_phb","p":256,"s":12,"h":1,"r":1,"dR":1,"lvl":2,"n":"Locate Object"},{"id":796,"c":2,"u":"longstrider_phb","p":256,"s":12,"h":1,"r":1,"dR":1,"lvl":1,"n":"Longstrider"},{"id":797,"c":2,"u":"mage%20armor_phb","p":256,"s":12,"h":1,"r":1,"dR":1,"lvl":1,"n":"Mage Armor"},{"id":798,"c":2,"u":"mage%20hand_phb","p":256,"s":12,"h":1,"r":1,"dR":1,"lvl":0,"n":"Mage Hand"},{"id":799,"c":2,"u":"magic%20circle_phb","p":256,"s":12,"h":1,"r":1,"dR":1,"lvl":3,"n":"Magic Circle"},{"id":800,"c":2,"u":"magic%20jar_phb","p":257,"s":12,"h":1,"r":1,"dR":1,"lvl":6,"n":"Magic Jar"},{"id":801,"c":2,"u":"magic%20missile_phb","p":257,"s":12,"h":1,"r":1,"dR":1,"lvl":1,"n":"Magic Missile"},{"id":802,"c":2,"u":"magic%20mouth_phb","p":257,"s":12,"h":1,"r":1,"dR":1,"lvl":2,"n":"Magic Mouth"},{"id":803,"c":2,"u":"magic%20weapon_phb","p":257,"s":12,"h":1,"r":1,"dR":1,"lvl":2,"n":"Magic Weapon"},{"id":804,"c":2,"u":"major%20image_phb","p":258,"s":12,"h":1,"r":1,"dR":1,"lvl":3,"n":"Major Image"},{"id":805,"c":2,"u":"mass%20cure%20wounds_phb","p":258,"s":12,"h":1,"r":1,"dR":1,"lvl":5,"n":"Mass Cure Wounds"},{"id":806,"c":2,"u":"mass%20heal_phb","p":258,"s":12,"h":1,"r":1,"dR":1,"lvl":9,"n":"Mass Heal"},{"id":807,"c":2,"u":"mass%20healing%20word_phb","p":258,"s":12,"h":1,"r":1,"dR":1,"lvl":3,"n":"Mass Healing Word"},{"id":808,"c":2,"u":"mass%20suggestion_phb","p":258,"s":12,"h":1,"r":1,"dR":1,"lvl":6,"n":"Mass Suggestion"},{"id":809,"c":2,"u":"maze_phb","p":258,"s":12,"h":1,"r":1,"dR":1,"lvl":8,"n":"Maze"},{"id":810,"c":2,"u":"meld%20into%20stone_phb","p":259,"s":12,"h":1,"r":1,"dR":1,"lvl":3,"n":"Meld into Stone"},{"id":811,"c":2,"u":"melf's%20acid%20arrow_phb","p":259,"s":12,"h":1,"r":1,"dR":1,"lvl":2,"n":"Melf's Acid Arrow"},{"id":812,"c":2,"u":"melf's%20acid%20arrow_phb","p":259,"s":12,"h":1,"r":1,"dR":1,"lvl":2,"n":"Acid Arrow"},{"id":813,"c":2,"u":"mending_phb","p":259,"s":12,"h":1,"r":1,"dR":1,"lvl":0,"n":"Mending"},{"id":814,"c":2,"u":"message_phb","p":259,"s":12,"h":1,"r":1,"dR":1,"lvl":0,"n":"Message"},{"id":815,"c":2,"u":"meteor%20swarm_phb","p":259,"s":12,"h":1,"r":1,"dR":1,"lvl":9,"n":"Meteor Swarm"},{"id":816,"c":2,"u":"mind%20blank_phb","p":259,"s":12,"h":1,"r":1,"dR":1,"lvl":8,"n":"Mind Blank"},{"id":817,"c":2,"u":"minor%20illusion_phb","p":260,"s":12,"h":1,"r":1,"dR":1,"lvl":0,"n":"Minor Illusion"},{"id":818,"c":2,"u":"mirage%20arcane_phb","p":260,"s":12,"h":1,"r":1,"dR":1,"lvl":7,"n":"Mirage Arcane"},{"id":819,"c":2,"u":"mirror%20image_phb","p":260,"s":12,"h":1,"r":1,"dR":1,"lvl":2,"n":"Mirror Image"},{"id":820,"c":2,"u":"mislead_phb","p":260,"s":12,"h":1,"r":1,"dR":1,"lvl":5,"n":"Mislead"},{"id":821,"c":2,"u":"misty%20step_phb","p":260,"s":12,"h":1,"r":1,"dR":1,"lvl":2,"n":"Misty Step"},{"id":822,"c":2,"u":"modify%20memory_phb","p":261,"s":12,"h":1,"r":1,"dR":1,"lvl":5,"n":"Modify Memory"},{"id":823,"c":2,"u":"moonbeam_phb","p":261,"s":12,"h":1,"r":1,"dR":1,"lvl":2,"n":"Moonbeam"},{"id":824,"c":2,"u":"mordenkainen's%20faithful%20hound_phb","p":261,"s":12,"h":1,"r":1,"dR":1,"lvl":4,"n":"Mordenkainen's Faithful Hound"},{"id":825,"c":2,"u":"mordenkainen's%20faithful%20hound_phb","p":261,"s":12,"h":1,"r":1,"dR":1,"lvl":4,"n":"Faithful Hound"},{"id":826,"c":2,"u":"mordenkainen's%20magnificent%20mansion_phb","p":261,"s":12,"h":1,"r":1,"dR":1,"lvl":7,"n":"Mordenkainen's Magnificent Mansion"},{"id":827,"c":2,"u":"mordenkainen's%20magnificent%20mansion_phb","p":261,"s":12,"h":1,"r":1,"dR":1,"lvl":7,"n":"Magnificent Mansion"},{"id":828,"c":2,"u":"mordenkainen's%20private%20sanctum_phb","p":262,"s":12,"h":1,"r":1,"dR":1,"lvl":4,"n":"Mordenkainen's Private Sanctum"},{"id":829,"c":2,"u":"mordenkainen's%20private%20sanctum_phb","p":262,"s":12,"h":1,"r":1,"dR":1,"lvl":4,"n":"Private Sanctum"},{"id":830,"c":2,"u":"mordenkainen's%20sword_phb","p":262,"s":12,"h":1,"r":1,"dR":1,"lvl":7,"n":"Mordenkainen's Sword"},{"id":831,"c":2,"u":"mordenkainen's%20sword_phb","p":262,"s":12,"h":1,"r":1,"dR":1,"lvl":7,"n":"Arcane Sword"},{"id":832,"c":2,"u":"move%20earth_phb","p":263,"s":12,"h":1,"r":1,"dR":1,"lvl":6,"n":"Move Earth"},{"id":833,"c":2,"u":"nondetection_phb","p":263,"s":12,"h":1,"r":1,"dR":1,"lvl":3,"n":"Nondetection"},{"id":834,"c":2,"u":"nystul's%20magic%20aura_phb","p":263,"s":12,"h":1,"r":1,"dR":1,"lvl":2,"n":"Nystul's Magic Aura"},{"id":835,"c":2,"u":"nystul's%20magic%20aura_phb","p":263,"s":12,"h":1,"r":1,"dR":1,"lvl":2,"n":"Arcanist's Magic Aura"},{"id":836,"c":2,"u":"otiluke's%20freezing%20sphere_phb","p":263,"s":12,"h":1,"r":1,"dR":1,"lvl":6,"n":"Otiluke's Freezing Sphere"},{"id":837,"c":2,"u":"otiluke's%20freezing%20sphere_phb","p":263,"s":12,"h":1,"r":1,"dR":1,"lvl":6,"n":"Freezing Sphere"},{"id":838,"c":2,"u":"otiluke's%20resilient%20sphere_phb","p":264,"s":12,"h":1,"r":1,"dR":1,"lvl":4,"n":"Otiluke's Resilient Sphere"},{"id":839,"c":2,"u":"otiluke's%20resilient%20sphere_phb","p":264,"s":12,"h":1,"r":1,"dR":1,"lvl":4,"n":"Resilient Sphere"},{"id":840,"c":2,"u":"otto's%20irresistible%20dance_phb","p":264,"s":12,"h":1,"r":1,"dR":1,"lvl":6,"n":"Otto's Irresistible Dance"},{"id":841,"c":2,"u":"otto's%20irresistible%20dance_phb","p":264,"s":12,"h":1,"r":1,"dR":1,"lvl":6,"n":"Irresistible Dance"},{"id":842,"c":2,"u":"pass%20without%20trace_phb","p":264,"s":12,"h":1,"r":1,"dR":1,"lvl":2,"n":"Pass without Trace"},{"id":843,"c":2,"u":"passwall_phb","p":264,"s":12,"h":1,"r":1,"dR":1,"lvl":5,"n":"Passwall"},{"id":844,"c":2,"u":"phantasmal%20force_phb","p":264,"s":12,"h":1,"dR":1,"lvl":2,"n":"Phantasmal Force"},{"id":845,"c":2,"u":"phantasmal%20killer_phb","p":265,"s":12,"h":1,"r":1,"dR":1,"lvl":4,"n":"Phantasmal Killer"},{"id":846,"c":2,"u":"phantom%20steed_phb","p":265,"s":12,"h":1,"r":1,"dR":1,"lvl":3,"n":"Phantom Steed"},{"id":847,"c":2,"u":"planar%20ally_phb","p":265,"s":12,"h":1,"r":1,"dR":1,"lvl":6,"n":"Planar Ally"},{"id":848,"c":2,"u":"planar%20binding_phb","p":265,"s":12,"h":1,"r":1,"dR":1,"lvl":5,"n":"Planar Binding"},{"id":849,"c":2,"u":"plane%20shift_phb","p":266,"s":12,"h":1,"r":1,"dR":1,"lvl":7,"n":"Plane Shift"},{"id":850,"c":2,"u":"plant%20growth_phb","p":266,"s":12,"h":1,"r":1,"dR":1,"lvl":3,"n":"Plant Growth"},{"id":851,"c":2,"u":"poison%20spray_phb","p":266,"s":12,"h":1,"r":1,"dR":1,"lvl":0,"n":"Poison Spray"},{"id":852,"c":2,"u":"polymorph_phb","p":266,"s":12,"h":1,"r":1,"dR":1,"lvl":4,"n":"Polymorph"},{"id":853,"c":2,"u":"power%20word%20heal_phb","p":266,"s":12,"h":1,"dR":1,"lvl":9,"n":"Power Word Heal"},{"id":854,"c":2,"u":"power%20word%20kill_phb","p":266,"s":12,"h":1,"r":1,"dR":1,"lvl":9,"n":"Power Word Kill"},{"id":855,"c":2,"u":"power%20word%20stun_phb","p":267,"s":12,"h":1,"r":1,"dR":1,"lvl":8,"n":"Power Word Stun"},{"id":856,"c":2,"u":"prayer%20of%20healing_phb","p":267,"s":12,"h":1,"r":1,"dR":1,"lvl":2,"n":"Prayer of Healing"},{"id":857,"c":2,"u":"prestidigitation_phb","p":267,"s":12,"h":1,"r":1,"dR":1,"lvl":0,"n":"Prestidigitation"},{"id":858,"c":2,"u":"prismatic%20spray_phb","p":267,"s":12,"h":1,"r":1,"dR":1,"lvl":7,"n":"Prismatic Spray"},{"id":859,"c":2,"u":"prismatic%20wall_phb","p":267,"s":12,"h":1,"r":1,"dR":1,"lvl":9,"n":"Prismatic Wall"},{"id":860,"c":2,"u":"produce%20flame_phb","p":269,"s":12,"h":1,"r":1,"dR":1,"lvl":0,"n":"Produce Flame"},{"id":861,"c":2,"u":"programmed%20illusion_phb","p":269,"s":12,"h":1,"r":1,"dR":1,"lvl":6,"n":"Programmed Illusion"},{"id":862,"c":2,"u":"project%20image_phb","p":270,"s":12,"h":1,"r":1,"dR":1,"lvl":7,"n":"Project Image"},{"id":863,"c":2,"u":"protection%20from%20energy_phb","p":270,"s":12,"h":1,"r":1,"dR":1,"lvl":3,"n":"Protection from Energy"},{"id":864,"c":2,"u":"protection%20from%20evil%20and%20good_phb","p":270,"s":12,"h":1,"r":1,"dR":1,"lvl":1,"n":"Protection from Evil and Good"},{"id":865,"c":2,"u":"protection%20from%20poison_phb","p":270,"s":12,"h":1,"r":1,"dR":1,"lvl":2,"n":"Protection from Poison"},{"id":866,"c":2,"u":"purify%20food%20and%20drink_phb","p":270,"s":12,"h":1,"r":1,"dR":1,"lvl":1,"n":"Purify Food and Drink"},{"id":867,"c":2,"u":"raise%20dead_phb","p":270,"s":12,"h":1,"r":1,"dR":1,"lvl":5,"n":"Raise Dead"},{"id":868,"c":2,"u":"rary's%20telepathic%20bond_phb","p":270,"s":12,"h":1,"r":1,"dR":1,"lvl":5,"n":"Rary's Telepathic Bond"},{"id":869,"c":2,"u":"rary's%20telepathic%20bond_phb","p":270,"s":12,"h":1,"r":1,"dR":1,"lvl":5,"n":"Telepathic Bond"},{"id":870,"c":2,"u":"ray%20of%20enfeeblement_phb","p":271,"s":12,"h":1,"r":1,"dR":1,"lvl":2,"n":"Ray of Enfeeblement"},{"id":871,"c":2,"u":"ray%20of%20frost_phb","p":271,"s":12,"h":1,"r":1,"dR":1,"lvl":0,"n":"Ray of Frost"},{"id":872,"c":2,"u":"ray%20of%20sickness_phb","p":271,"s":12,"h":1,"dR":1,"lvl":1,"n":"Ray of Sickness"},{"id":873,"c":2,"u":"regenerate_phb","p":271,"s":12,"h":1,"r":1,"dR":1,"lvl":7,"n":"Regenerate"},{"id":874,"c":2,"u":"reincarnate_phb","p":271,"s":12,"h":1,"r":1,"dR":1,"lvl":5,"n":"Reincarnate"},{"id":875,"c":2,"u":"remove%20curse_phb","p":271,"s":12,"h":1,"r":1,"dR":1,"lvl":3,"n":"Remove Curse"},{"id":876,"c":2,"u":"resistance_phb","p":272,"s":12,"h":1,"r":1,"dR":1,"lvl":0,"n":"Resistance"},{"id":877,"c":2,"u":"resurrection_phb","p":272,"s":12,"h":1,"r":1,"dR":1,"lvl":7,"n":"Resurrection"},{"id":878,"c":2,"u":"reverse%20gravity_phb","p":272,"s":12,"h":1,"r":1,"dR":1,"lvl":7,"n":"Reverse Gravity"},{"id":879,"c":2,"u":"revivify_phb","p":272,"s":12,"h":1,"r":1,"dR":1,"lvl":3,"n":"Revivify"},{"id":880,"c":2,"u":"rope%20trick_phb","p":272,"s":12,"h":1,"r":1,"dR":1,"lvl":2,"n":"Rope Trick"},{"id":881,"c":2,"u":"sacred%20flame_phb","p":272,"s":12,"h":1,"r":1,"dR":1,"lvl":0,"n":"Sacred Flame"},{"id":882,"c":2,"u":"sanctuary_phb","p":272,"s":12,"h":1,"r":1,"dR":1,"lvl":1,"n":"Sanctuary"},{"id":883,"c":2,"u":"scorching%20ray_phb","p":273,"s":12,"h":1,"r":1,"dR":1,"lvl":2,"n":"Scorching Ray"},{"id":884,"c":2,"u":"scrying_phb","p":273,"s":12,"h":1,"r":1,"dR":1,"lvl":5,"n":"Scrying"},{"id":885,"c":2,"u":"searing%20smite_phb","p":274,"s":12,"h":1,"dR":1,"lvl":1,"n":"Searing Smite"},{"id":886,"c":2,"u":"see%20invisibility_phb","p":274,"s":12,"h":1,"r":1,"dR":1,"lvl":2,"n":"See Invisibility"},{"id":887,"c":2,"u":"seeming_phb","p":274,"s":12,"h":1,"r":1,"dR":1,"lvl":5,"n":"Seeming"},{"id":888,"c":2,"u":"sending_phb","p":274,"s":12,"h":1,"r":1,"dR":1,"lvl":3,"n":"Sending"},{"id":889,"c":2,"u":"sequester_phb","p":274,"s":12,"h":1,"r":1,"dR":1,"lvl":7,"n":"Sequester"},{"id":890,"c":2,"u":"shapechange_phb","p":274,"s":12,"h":1,"r":1,"dR":1,"lvl":9,"n":"Shapechange"},{"id":891,"c":2,"u":"shatter_phb","p":275,"s":12,"h":1,"r":1,"dR":1,"lvl":2,"n":"Shatter"},{"id":892,"c":2,"u":"shield_phb","p":275,"s":12,"h":1,"r":1,"dR":1,"lvl":1,"n":"Shield"},{"id":893,"c":2,"u":"shield%20of%20faith_phb","p":275,"s":12,"h":1,"r":1,"dR":1,"lvl":1,"n":"Shield of Faith"},{"id":894,"c":2,"u":"shillelagh_phb","p":275,"s":12,"h":1,"r":1,"dR":1,"lvl":0,"n":"Shillelagh"},{"id":895,"c":2,"u":"shocking%20grasp_phb","p":275,"s":12,"h":1,"r":1,"dR":1,"lvl":0,"n":"Shocking Grasp"},{"id":896,"c":2,"u":"silence_phb","p":275,"s":12,"h":1,"r":1,"dR":1,"lvl":2,"n":"Silence"},{"id":897,"c":2,"u":"silent%20image_phb","p":276,"s":12,"h":1,"r":1,"dR":1,"lvl":1,"n":"Silent Image"},{"id":898,"c":2,"u":"simulacrum_phb","p":276,"s":12,"h":1,"r":1,"dR":1,"lvl":7,"n":"Simulacrum"},{"id":899,"c":2,"u":"sleep_phb","p":276,"s":12,"h":1,"r":1,"dR":1,"lvl":1,"n":"Sleep"},{"id":900,"c":2,"u":"sleet%20storm_phb","p":276,"s":12,"h":1,"r":1,"dR":1,"lvl":3,"n":"Sleet Storm"},{"id":901,"c":2,"u":"slow_phb","p":277,"s":12,"h":1,"r":1,"dR":1,"lvl":3,"n":"Slow"},{"id":902,"c":2,"u":"spare%20the%20dying_phb","p":277,"s":12,"h":1,"r":1,"dR":1,"lvl":0,"n":"Spare the Dying"},{"id":903,"c":2,"u":"speak%20with%20animals_phb","p":277,"s":12,"h":1,"r":1,"dR":1,"lvl":1,"n":"Speak with Animals"},{"id":904,"c":2,"u":"speak%20with%20dead_phb","p":277,"s":12,"h":1,"r":1,"dR":1,"lvl":3,"n":"Speak with Dead"},{"id":905,"c":2,"u":"speak%20with%20plants_phb","p":277,"s":12,"h":1,"r":1,"dR":1,"lvl":3,"n":"Speak with Plants"},{"id":906,"c":2,"u":"spider%20climb_phb","p":277,"s":12,"h":1,"r":1,"dR":1,"lvl":2,"n":"Spider Climb"},{"id":907,"c":2,"u":"spike%20growth_phb","p":277,"s":12,"h":1,"r":1,"dR":1,"lvl":2,"n":"Spike Growth"},{"id":908,"c":2,"u":"spirit%20guardians_phb","p":278,"s":12,"h":1,"r":1,"dR":1,"lvl":3,"n":"Spirit Guardians"},{"id":909,"c":2,"u":"spiritual%20weapon_phb","p":278,"s":12,"h":1,"r":1,"dR":1,"lvl":2,"n":"Spiritual Weapon"},{"id":910,"c":2,"u":"staggering%20smite_phb","p":278,"s":12,"h":1,"dR":1,"lvl":4,"n":"Staggering Smite"},{"id":911,"c":2,"u":"stinking%20cloud_phb","p":278,"s":12,"h":1,"r":1,"dR":1,"lvl":3,"n":"Stinking Cloud"},{"id":912,"c":2,"u":"stone%20shape_phb","p":278,"s":12,"h":1,"r":1,"dR":1,"lvl":4,"n":"Stone Shape"},{"id":913,"c":2,"u":"stoneskin_phb","p":278,"s":12,"h":1,"r":1,"dR":1,"lvl":4,"n":"Stoneskin"},{"id":914,"c":2,"u":"storm%20of%20vengeance_phb","p":279,"s":12,"h":1,"r":1,"dR":1,"lvl":9,"n":"Storm of Vengeance"},{"id":915,"c":2,"u":"suggestion_phb","p":279,"s":12,"h":1,"r":1,"dR":1,"lvl":2,"n":"Suggestion"},{"id":916,"c":2,"u":"sunbeam_phb","p":279,"s":12,"h":1,"r":1,"dR":1,"lvl":6,"n":"Sunbeam"},{"id":917,"c":2,"u":"sunburst_phb","p":279,"s":12,"h":1,"r":1,"dR":1,"lvl":8,"n":"Sunburst"},{"id":918,"c":2,"u":"swift%20quiver_phb","p":279,"s":12,"h":1,"dR":1,"lvl":5,"n":"Swift Quiver"},{"id":919,"c":2,"u":"symbol_phb","p":280,"s":12,"h":1,"r":1,"dR":1,"lvl":7,"n":"Symbol"},{"id":920,"c":2,"u":"tasha's%20hideous%20laughter_phb","p":280,"s":12,"h":1,"r":1,"dR":1,"lvl":1,"n":"Tasha's Hideous Laughter"},{"id":921,"c":2,"u":"tasha's%20hideous%20laughter_phb","p":280,"s":12,"h":1,"r":1,"dR":1,"lvl":1,"n":"Hideous Laughter"},{"id":922,"c":2,"u":"telekinesis_phb","p":280,"s":12,"h":1,"r":1,"dR":1,"lvl":5,"n":"Telekinesis"},{"id":923,"c":2,"u":"telepathy_phb","p":281,"s":12,"h":1,"dR":1,"lvl":8,"n":"Telepathy"},{"id":924,"c":2,"u":"teleport_phb","p":281,"s":12,"h":1,"r":1,"dR":1,"lvl":7,"n":"Teleport"},{"id":925,"c":2,"u":"teleportation%20circle_phb","p":282,"s":12,"h":1,"r":1,"dR":1,"lvl":5,"n":"Teleportation Circle"},{"id":926,"c":2,"u":"tenser's%20floating%20disk_phb","p":282,"s":12,"h":1,"r":1,"dR":1,"lvl":1,"n":"Tenser's Floating Disk"},{"id":927,"c":2,"u":"tenser's%20floating%20disk_phb","p":282,"s":12,"h":1,"r":1,"dR":1,"lvl":1,"n":"Floating Disk"},{"id":928,"c":2,"u":"thaumaturgy_phb","p":282,"s":12,"h":1,"r":1,"dR":1,"lvl":0,"n":"Thaumaturgy"},{"id":929,"c":2,"u":"thorn%20whip_phb","p":282,"s":12,"h":1,"dR":1,"lvl":0,"n":"Thorn Whip"},{"id":930,"c":2,"u":"thunderous%20smite_phb","p":282,"s":12,"h":1,"dR":1,"lvl":1,"n":"Thunderous Smite"},{"id":931,"c":2,"u":"thunderwave_phb","p":282,"s":12,"h":1,"r":1,"dR":1,"lvl":1,"n":"Thunderwave"},{"id":932,"c":2,"u":"time%20stop_phb","p":283,"s":12,"h":1,"r":1,"dR":1,"lvl":9,"n":"Time Stop"},{"id":933,"c":2,"u":"tongues_phb","p":283,"s":12,"h":1,"r":1,"dR":1,"lvl":3,"n":"Tongues"},{"id":934,"c":2,"u":"transport%20via%20plants_phb","p":283,"s":12,"h":1,"r":1,"dR":1,"lvl":6,"n":"Transport via Plants"},{"id":935,"c":2,"u":"tree%20stride_phb","p":283,"s":12,"h":1,"r":1,"dR":1,"lvl":5,"n":"Tree Stride"},{"id":936,"c":2,"u":"true%20polymorph_phb","p":283,"s":12,"h":1,"r":1,"dR":1,"lvl":9,"n":"True Polymorph"},{"id":937,"c":2,"u":"true%20resurrection_phb","p":284,"s":12,"h":1,"r":1,"dR":1,"lvl":9,"n":"True Resurrection"},{"id":938,"c":2,"u":"true%20seeing_phb","p":284,"s":12,"h":1,"r":1,"dR":1,"lvl":6,"n":"True Seeing"},{"id":939,"c":2,"u":"true%20strike_phb","p":284,"s":12,"h":1,"r":1,"dR":1,"lvl":0,"n":"True Strike"},{"id":940,"c":2,"u":"tsunami_phb","p":284,"s":12,"h":1,"dR":1,"lvl":8,"n":"Tsunami"},{"id":941,"c":2,"u":"unseen%20servant_phb","p":284,"s":12,"h":1,"r":1,"dR":1,"lvl":1,"n":"Unseen Servant"},{"id":942,"c":2,"u":"vampiric%20touch_phb","p":285,"s":12,"h":1,"r":1,"dR":1,"lvl":3,"n":"Vampiric Touch"},{"id":943,"c":2,"u":"vicious%20mockery_phb","p":285,"s":12,"h":1,"r":1,"dR":1,"lvl":0,"n":"Vicious Mockery"},{"id":944,"c":2,"u":"wall%20of%20fire_phb","p":285,"s":12,"h":1,"r":1,"dR":1,"lvl":4,"n":"Wall of Fire"},{"id":945,"c":2,"u":"wall%20of%20force_phb","p":285,"s":12,"h":1,"r":1,"dR":1,"lvl":5,"n":"Wall of Force"},{"id":946,"c":2,"u":"wall%20of%20ice_phb","p":285,"s":12,"h":1,"r":1,"dR":1,"lvl":6,"n":"Wall of Ice"},{"id":947,"c":2,"u":"wall%20of%20stone_phb","p":287,"s":12,"h":1,"r":1,"dR":1,"lvl":5,"n":"Wall of Stone"},{"id":948,"c":2,"u":"wall%20of%20thorns_phb","p":287,"s":12,"h":1,"r":1,"dR":1,"lvl":6,"n":"Wall of Thorns"},{"id":949,"c":2,"u":"warding%20bond_phb","p":287,"s":12,"h":1,"r":1,"dR":1,"lvl":2,"n":"Warding Bond"},{"id":950,"c":2,"u":"water%20breathing_phb","p":287,"s":12,"h":1,"r":1,"dR":1,"lvl":3,"n":"Water Breathing"},{"id":951,"c":2,"u":"water%20walk_phb","p":287,"s":12,"h":1,"r":1,"dR":1,"lvl":3,"n":"Water Walk"},{"id":952,"c":2,"u":"web_phb","p":287,"s":12,"h":1,"r":1,"dR":1,"lvl":2,"n":"Web"},{"id":953,"c":2,"u":"weird_phb","p":288,"s":12,"h":1,"r":1,"dR":1,"lvl":9,"n":"Weird"},{"id":954,"c":2,"u":"wind%20walk_phb","p":288,"s":12,"h":1,"r":1,"dR":1,"lvl":6,"n":"Wind Walk"},{"id":955,"c":2,"u":"wind%20wall_phb","p":288,"s":12,"h":1,"r":1,"dR":1,"lvl":3,"n":"Wind Wall"},{"id":956,"c":2,"u":"wish_phb","p":288,"s":12,"h":1,"r":1,"dR":1,"lvl":9,"n":"Wish"},{"id":957,"c":2,"u":"witch%20bolt_phb","p":289,"s":12,"h":1,"dR":1,"lvl":1,"n":"Witch Bolt"},{"id":958,"c":2,"u":"word%20of%20recall_phb","p":289,"s":12,"h":1,"r":1,"dR":1,"lvl":6,"n":"Word of Recall"},{"id":959,"c":2,"u":"wrathful%20smite_phb","p":289,"s":12,"h":1,"dR":1,"lvl":1,"n":"Wrathful Smite"},{"id":960,"c":2,"u":"zone%20of%20truth_phb","p":289,"s":12,"h":1,"r":1,"dR":1,"lvl":2,"n":"Zone of Truth"},{"id":961,"c":2,"u":"gate%20seal_sato","p":12,"s":13,"h":1,"lvl":4,"n":"Gate Seal"},{"id":962,"c":2,"u":"warp%20sense_sato","p":12,"s":13,"h":1,"lvl":2,"n":"Warp Sense"},{"id":963,"c":2,"u":"borrowed%20knowledge_scc","p":37,"s":14,"h":1,"lvl":2,"n":"Borrowed Knowledge"},{"id":964,"c":2,"u":"kinetic%20jaunt_scc","p":37,"s":14,"h":1,"lvl":2,"n":"Kinetic Jaunt"},{"id":965,"c":2,"u":"silvery%20barbs_scc","p":38,"s":14,"h":1,"lvl":1,"n":"Silvery Barbs"},{"id":966,"c":2,"u":"vortex%20warp_scc","p":38,"s":14,"h":1,"lvl":2,"n":"Vortex Warp"},{"id":967,"c":2,"u":"wither%20and%20bloom_scc","p":38,"s":14,"h":1,"lvl":2,"n":"Wither and Bloom"},{"id":968,"c":2,"u":"linked%20glyphs_aitfr-avt","p":9,"s":15,"h":1,"lvl":3,"n":"Linked Glyphs"},{"id":969,"c":2,"u":"flock%20of%20familiars_llk","p":57,"s":16,"h":1,"lvl":2,"n":"Flock of Familiars"},{"id":970,"c":2,"u":"galder's%20speedy%20courier_llk","p":57,"s":16,"h":1,"lvl":4,"n":"Galder's Speedy Courier"},{"id":971,"c":2,"u":"galder's%20tower_llk","p":57,"s":16,"h":1,"lvl":3,"n":"Galder's Tower"}],"m":{"s":{"BMT":0,"FRHoF":1,"FTD":2,"TCE":3,"XGE":4,"XPHB":5,"AAG":6,"AI":7,"EFA":8,"EGW":9,"GGR":10,"IDRotF":11,"PHB":12,"SatO":13,"SCC":14,"AitFR-AVT":15,"LLK":16}}}